x0,x1,x2,x3,x4,x5,x6,x7,x8,material_id,y0,y1,y2
-0.8952728022981113,-0.8256266449547354,-0.18551647265920335,-0.7845995301231219,0.8023977559033892,-0.9236926677953552,0.07240408006785382,-0.3356046029806403,0.7041732378587373,1,2.1795066391518874,2.7441362315414985,2.0769083322362154
-0.7298850813922786,0.1219240178733525,0.40337957807128655,-0.6724463104952791,0.8118111258190241,0.5471759600581749,0.7572606742024341,-0.2448104460555769,-0.9868099195441757,3,1.82274474661992,3.42920761364553,3.353799819911205
-0.7959265574008427,-0.9122250960355318,0.3342763355698446,-0.747500601558807,0.8132159564083214,-0.4163969619400718,-0.13872482518243667,-0.046153228501652155,-0.06141464653853124,0,1.5426049220177795,3.0183025013224642,2.296712338073655
0.5375894949599671,-0.3130756836880708,0.602993182584066,-0.5862750586677772,0.2178050523811066,0.05414990432283329,0.6186770492876097,-0.3694736955680238,-0.2035236970642016,3,3.556853514450927,3.171590499149853,4.073904238262802
0.369674437322012,0.27670652861099754,0.333315262146362,0.7801971410738047,-0.027727059712872038,0.3369404438062942,-0.25095673635503335,-0.9363173865177963,0.5083463437177442,1,4.015901825446132,2.3513705418398607,3.3538946401444063
0.4516556832222667,-0.8347804708235576,-0.026189689962951013,-0.4762254928033518,-0.33019895349567907,0.10840732442130596,0.7678331892682726,0.44622664834211867,-0.2246887449448034,2,4.418967232802008,3.141671060926466,3.5935182108436865
-0.9673834116896709,0.17240350079770805,0.663207734053098,-0.2729693053241209,0.7922991119610321,0.9951051358748937,-0.1885622958541291,0.0020152587244413045,0.6481817053132246,0,1.3781614307221306,2.780517178552425,2.647899632505932
0.27760167848620276,0.9835861995038313,0.9281183446077637,0.2599814194484913,-0.5332536318276808,-0.032377034713706676,-0.6448205388521899,0.9839155455884339,-0.11100015970185173,3,3.8898149852117445,2.5333355821353014,3.690335626763183
-0.9117402879871122,-0.7305447987267328,-0.6136460599152926,-0.487275305406915,-0.29590493910064763,-0.4561402953464968,-0.1314628327746925,-0.1592853665298919,-0.7827583310367967,0,1.7782198691248563,3.2475252733150572,2.080831872837464
0.02064055733474257,0.4141050441382661,-0.8341889763891652,0.7949588896119775,0.5914691170424373,-0.24508236239129322,0.09316581031986937,0.2701862514645943,-0.9417262526549672,2,3.38438785886951,3.015134669528264,3.559566248300995
-0.4749199605619001,-0.054978519185913344,0.5016298824785383,-0.33033891895306744,-0.30326595866989714,0.27825587445622557,0.9393721545317557,0.76776027624578,-0.16192436122526987,1,2.5264652554335476,3.017715815866515,2.67448156776577
-0.25578076140938943,-0.5300731250030697,-0.8432470437175494,0.7578178737688386,-0.8856815731814067,0.03739224951280029,0.07507275501137611,-0.7077215326767845,0.31186343390422233,2,3.8952567340784947,2.7556657010930232,3.4483004955526684
0.5522659396480742,-0.2214814667628977,-0.7470600823324838,0.94985913243479,0.03420697330782141,0.2592352504551665,0.6045532910420754,-0.22750767421450835,-0.8758884706890522,1,4.335015221965826,3.4719616328106073,3.922406145939913
-0.09051883714724873,-0.958775291598742,-0.10055224789564021,0.47689005345351254,0.4402727183765045,0.4220524827962271,-0.09770251357844817,-0.14198245419399225,0.5486474190392796,1,3.0428491957794184,3.1412563785359793,3.0916441442268052
0.0431815434225844,0.7427893357998518,0.029438280412231288,-0.725257004148202,0.00024502135481707654,0.09091548213848699,-0.26199890338027076,0.7868671204177338,-0.3198382989636528,2,3.8248145866080847,2.558272425175234,3.3079569619573173
0.8596318141564947,-0.5135214447487586,0.7729893523761215,-0.4709028095279608,-0.9139506379028786,0.00109471500459013,0.9122530847354957,0.01026201545446126,0.516230270195976,0,3.766320716270303,2.928013655024858,3.828513454373134
-0.6116734107099504,0.12924898014855413,-0.8297999411806185,-0.36594359451918446,-0.3177115089515641,0.0753639956335368,0.8587486429588469,0.6180388619818726,0.06836682759889934,3,2.0237523246625244,3.007865348089818,2.8207193085488784
-0.015426118216509854,-0.203287753806197,-0.9435508212916295,0.4275265013095295,0.6564513978055739,0.7343033624607318,-0.31895651823560445,0.828996542455998,0.6806804314443102,1,3.176742288534273,2.6164561793325385,3.609734196229861
0.21950177304122964,-0.9880787298341358,0.5875776080865565,0.2023946137600805,0.9407026245366694,-0.3132108793291126,0.1692476588832783,0.3825392879908587,-0.2787085792176862,3,2.487983072365035,3.019723314528826,3.36575184242536
-0.276317850385855,0.33789458656014437,-0.15847666091462043,-0.2826588866622102,0.5405719347156113,-0.3139334349116618,0.5074279187987756,0.6409562527695729,-0.6386478933338153,0,1.9523941422375641,2.568709221183655,2.399437613840974
0.6832508953620098,-0.24932984261997349,-0.4690415437615256,0.8488551404309075,0.7126629733894834,-0.24719136404220476,-0.8616815370070512,-0.40820200559009945,0.816425357243658,2,4.574603774098325,3.3197735417364593,3.9287892392063064
-0.8901768484082662,-0.2388297907769097,0.17193788868811954,-0.4029717727383093,-0.06890378037794953,0.5311903799045767,0.41268308944545873,-0.5146554761106397,-0.10915420553215882,3,1.8743647945703754,3.208230163580384,2.686429560028928
0.12553300815107082,-0.31189325081686237,0.8975765807996432,-0.08902760593599379,0.14991713919435723,0.8460527848455499,-0.32564336128749516,-0.9024627926616993,-0.753321274818298,3,2.7547426328971443,2.571876273118929,3.730989259037213
0.32040932024208013,0.4675250371082036,-0.04535648919484503,-0.914479859615744,0.9962684592889597,-0.7168964844071715,0.7409345115688581,0.7830652585885878,-0.5582859874115815,0,3.097203438387149,2.323505462380963,2.9370940003669768
-0.0731873586160503,0.799165053802859,0.7750468194691982,0.5485948912116518,-0.42257951638476743,0.16020965428524048,0.9626271130731392,-0.3587532679759813,-0.226998251265629,0,3.1236145581539434,3.191450867398024,2.6754011369094663
0.7431743033731273,-0.42981511104076553,0.9908602895745144,-0.28474863730406064,-0.9131872861525634,-0.974059365737294,0.34753971047356025,-0.6035183810201128,-0.46110042147677843,1,4.20390199254112,2.503792648805479,4.153483285927459
0.5277133693787885,0.8537878026251724,0.6792766480752401,-0.39449439198019065,0.7313464861551275,-0.06521691047941958,-0.4351059417752856,-0.8156825437660817,-0.11457516829876124,2,4.399722265072161,2.8410312849826407,3.8028395362379994
0.6147491066947404,0.04141314239636751,0.8442665497627095,0.2709760060815849,-0.21523379673938536,0.5955370335507062,-0.10288834406512914,-0.8796961967645938,-0.13468158600186975,3,3.758166406392115,2.5984012099369234,3.882647596112675
0.03458296293714991,-0.6923045144495545,-0.7308789760699883,0.8592210294549174,0.9538880771593976,0.9447951620453097,-0.5110418362911922,-0.5836503941798223,-0.19269861389490783,0,3.017075675363008,2.5782942751269147,3.528090188842193
-0.9780877320137156,0.31242689970015425,0.09385526224896146,-0.9163165997762661,0.8829335458059842,0.46153852174815535,0.7582623936667541,-0.12867232115826988,-0.4172336619024273,1,2.225484083093358,3.4638021616001553,2.854462706289198
-0.39163072239280505,-0.4349040438093268,0.28605918320710644,-0.3503718940614,0.03099036255428622,0.49732707979578983,0.5721537642609278,-0.06820906363526036,-0.17142329779193277,3,2.1424660086011884,3.457607442405523,3.0885187497696447
-0.21865302979222734,-0.6220837475346503,-0.8458627613831933,0.8082677945037688,0.7368808991103559,-0.42642839045490843,-0.04870878560512004,0.4409320937488588,-0.7863201778236211,0,2.643661590667213,2.818699120371715,2.9538105360745974
-0.07979121913802967,0.724301730884368,0.10360042176559037,-0.9651548647130836,0.041744520559998,-0.42248683627258354,-0.5732531042309668,0.8732353306894818,-0.7885461075824491,0,2.7900545736349125,2.7332568119334963,2.948238491754848
0.18564635015182396,-0.3502715269306831,-0.8344590547604809,0.33749030837343774,0.9184514937443056,-0.6404066917480571,-0.7477060574839607,-0.04967167764049085,0.7027144560631127,0,2.8824520296619887,3.492796388978904,2.9199517531053973
-0.6748680056805358,0.5880425883279234,-0.33794969272179753,-0.8035772868035855,-0.5618541172503486,-0.13958929573059042,-0.5983579209252354,-0.1906684777196428,-0.8872604496524117,0,1.951257801970155,3.292789486349853,2.31036215418629
-0.07733081734632274,-0.8194252977620105,0.33669921817151405,-0.2821341687519201,0.9121538521650197,0.6394010663978633,0.6338144576421625,-0.529733929264917,-0.13739829746697318,1,2.604874469087252,3.460160828827876,3.278614627415155
-0.8211938638198726,-0.9809170619892227,-0.3452361275381681,-0.1985768475300831,0.5737846527830162,0.6293043950330466,-0.8840897299324499,-0.8707941009055347,0.8495552428018531,2,2.5180397852982344,1.4728390239754097,2.6426534418287906
-0.5310536306334375,0.11467128683065941,-0.9983909758182168,0.7697828800185558,0.7893199736985663,0.2816276678383014,0.7556203581859988,0.08626915906760946,0.832324764443517,2,2.721646458229995,3.5611082748481504,3.595645247303911
-0.2587781157182363,-0.7394979320987591,-0.16626756076796867,-0.9335561751923893,-0.4213422782740699,-0.3730528698827036,0.6832986772550125,0.6009443901560063,0.012724887711578647,0,2.6254134527812765,2.7216534557479486,2.809444539758802
0.2932080819328864,-0.8402301463704944,0.4392386553237315,0.22001888343154574,-0.11056359320719467,-0.790763575830578,0.19265966052654715,0.49115277132463,-0.6025490850348503,0,2.796392726930902,2.720961024107263,3.1446733178906565
-0.6166402517953138,0.4445952677468532,-0.14525737199156596,-0.038268085072941105,0.30696765915030366,0.10565137837973104,0.08935372774832984,-0.2254212792707262,-0.47927159475206293,0,1.5825845922039974,3.0899582077283525,2.2332044987817348
0.52874502411113,0.8018444869724137,0.34493191780679666,0.56019954670482,-0.26895980262752595,-0.7983733544292635,0.9998266803391216,0.20938655885152246,-0.4590993207505998,0,3.6272361079419033,2.4158874766006746,3.4632981045109545
-0.2777794889095273,0.8293330558367231,-0.27769660755856074,-0.49585642798620944,-0.8144681659180184,-0.4800341945973112,0.5848413937347621,0.7281692343857586,0.33246176741919964,0,2.229350406120657,2.7025365750275783,2.7798180620837516
0.9503223436528774,-0.3404213147327495,0.598494839683356,0.27597199181382415,0.5241189745502672,0.31589495105165466,-0.12098440592368931,-0.5300458817876765,-0.8128619665085293,0,3.438644158844349,3.1586301651272426,3.85339602691714
0.23863543720433422,0.8645901496313502,-0.11811284963319735,-0.22348523411725685,0.8566894365071827,0.7897996955926494,0.8859543900800961,-0.6394102749186763,0.8088116814539468,3,2.921655258897152,3.3530048575294735,3.8571170259763092
-0.9993032006120761,-0.5806883090737107,0.8315276951234472,0.6153450968445542,-0.7407153129139279,0.6943481278994008,-0.6506965229492274,-0.4666362193032716,-0.663703936675307,3,2.24707177510802,2.9060587615270164,2.210451012107962
0.656135176205275,-0.8701629359467749,-0.9523452651200306,0.5824674154662692,-0.21262265345284148,0.13684557458103064,0.27621955684950494,0.08719466200936798,-0.6240092087533016,2,4.700430044901398,3.3288378000235315,4.091736243098582
-0.37718797329893095,0.0948066530270324,0.3236222615572524,0.9861313406029468,0.33116474964121734,-0.3837720560299607,0.7604462200578064,-0.6000715579543134,-0.5760654285923541,0,2.2292428169873473,2.7394224476868234,2.4647357728868204
-0.1545558413019441,0.7322029292457981,0.6012701685934079,-0.6920853082812719,0.33214639197801143,0.09975934359992511,0.795027789909976,-0.8745380573127317,0.15658087976412038,1,3.323944356309052,2.660378324513132,3.2158264054265744
-0.19856256888294221,0.4366815062936318,0.7235483293835376,0.4222821225940989,0.8778487051297361,-0.8507883258933611,0.6618672737838338,-0.5676257000909619,-0.1213632964680833,2,3.3082639175021304,2.2299059470941507,2.69050259866423
0.402612805831958,-0.5835343647717335,-0.9287283546300937,0.7106219328019574,0.05065219251232711,0.9563680397559049,-0.8984787190340422,-0.17643475834768663,0.4624852669678967,3,3.8633074585588973,2.3502889901647652,4.168406174521612
0.23052965677286252,-0.332482462198912,-0.6351191901725242,0.31570509679174763,0.9485216502641864,0.31615250826351793,-0.7921346711023054,-0.9129895833731816,-0.6955267838163075,1,3.4796459403583926,2.56905738048243,3.5602095590660396
0.5641139254856855,0.3226495621164054,-0.39607458763136205,0.020213297319435997,0.4115825483678841,-0.43265562637188415,0.6891758916382282,0.06702043904572497,0.6903328696015154,0,3.202971427417791,2.9599760985504626,3.2353238957250983
0.9826545842717158,0.8500773460026678,0.7805620220355167,0.20781448050208295,-0.7119481933154987,0.5177832334759205,0.8870729455926898,0.20124352128999057,-0.09190738334724946,1,4.150807609293983,3.565248317849183,3.7338919268090156
0.25384203789452386,0.6553555213097844,-0.04119868532641413,-0.25667275046916505,0.616003152026424,-0.06920198539682199,0.2957808485647868,-0.43156676242504344,0.07701027041068431,2,3.8176041560161007,3.1419119153207253,3.36902913387461
-0.6026361708464827,-0.9206456933186351,-0.8952248754214105,-0.8063423709447726,0.6044531073041517,0.5087184819784012,0.3265961286008696,0.8085563198435473,0.9537995257572511,0,2.2693784867838236,2.953777365929879,2.428208066342192
-0.5369423691359485,-0.23261088169662392,-0.7284082992899379,0.35926097203515983,-0.8011330103346972,0.8729606194512711,0.8662754077566064,0.5119076852758111,0.7592024151554129,3,2.3441329848613375,3.90542027397184,2.89662322582911
-0.3295040381654586,0.8755541384923657,0.2632588273908787,-0.16748307965066456,0.8052760794470983,0.5268574602692226,0.9401717225822603,-0.32431471830467773,-0.03822323416984874,1,2.591520023418111,3.6601254659751863,2.96660661017796
-0.7957717220664644,0.42552089453684494,-0.8945250855258813,0.03154588805401293,0.5476020148949559,-0.2619702378914599,-0.9189599284484513,-0.7056596903914651,0.29809443901837684,3,1.667188912908615,2.8429961474375616,2.857598469279026
0.48870481266457433,-0.6423442546815952,0.11632509351922438,-0.5019505097175947,0.9056269474927536,-0.6347054873114704,0.9659133178875394,0.00026668114374661656,-0.9895180691689669,1,3.7086455494711816,2.646396835064891,3.2076730567153557
-0.44661893918839013,0.9743008565410975,0.009857470370227439,-0.12246720157856661,-0.8662229265737993,0.493068826923611,0.758151687270123,-0.2073814672443257,-0.9054383093436182,3,2.339019252048732,3.6366241657680756,2.641606328571589
0.7295806171959396,0.3944278372563428,0.9605978031056184,-0.11317855918642117,-0.9710643721870738,-0.92398827204566,0.9436391048533246,-0.2697249007177991,0.5566231494890876,3,4.046874019902897,2.081138445150047,4.435529085370251
0.4589809740877686,0.6443542925804271,0.3903756341509963,0.33114682486001135,-0.9346774639985826,-0.746658658186022,-0.10243002768854903,0.6313877802665651,0.6729307691588402,3,3.903381617192192,2.985392559955853,4.069717096632926
0.2787138497520545,-0.9715076186032747,0.8921195216331941,0.8582760412251123,-0.4616640663969067,0.870335152096458,0.08878520594180173,0.34828329192836893,-0.3080138533439223,0,2.705451533910572,3.0218213700221654,2.8034891014342
-0.7637981987237044,-0.7429242435578451,0.03418931379992607,0.19989079961281786,0.03082413107804638,-0.20062026822157253,-0.0008856644613364217,0.5971388546889393,-0.6330981649593987,1,2.187867827720932,2.733691950186008,2.269581986125687
-0.3418206021490324,-0.17060095463529312,-0.023395089552334047,-0.20816187451414714,-0.28185056880611015,0.8764622118408354,-0.7949753374463708,-0.48568083212318625,0.3848321902908416,2,3.089360750129048,2.0463100923475626,2.6534203445082105
-0.6501763732728176,-0.8351946642170338,-0.8692017283700237,0.6362336374119928,0.3092956233241755,-0.1030056189135824,0.4607822215075912,0.8990522391703326,0.4292629963215535,3,2.363540801171146,2.6466624214083585,3.371642020113886
-0.8969030664277369,0.8723624095190279,0.8933837191388114,-0.21484231387937403,0.6664145118616607,0.46318001050251034,-0.2644390709821167,-0.8737849990559448,0.21138149776204496,0,1.615447025401873,2.403351344655033,2.714490296546137
-0.9460738533080697,-0.21632794290651014,-0.3572994912718275,0.6504587710592051,0.6077411664575825,-0.3678442731063363,-0.4258765257640662,-0.36041701428637674,-0.05662275313289977,1,2.1464438959336625,3.1877336716758897,2.445641508259488
0.06878620019706339,0.7313352828392325,0.23126781688493758,0.6767516010361572,-0.5840204457912512,-0.5185542449319032,-0.04826737108658108,-0.556725385057733,-0.3756895674674292,1,3.7058801327876467,3.0851959986606032,3.2801080765387636
-0.606228568203006,-0.03538300411556694,-0.33836209064676837,0.2528853185016917,-0.07351613331595419,0.8200373987804936,-0.12728454590324834,0.8270071490620641,-0.8413504563077734,3,1.9881252979850952,2.4401232144679827,2.848582925045718
0.7326976875362958,0.9665561333081689,0.8129395674399265,0.22124334937814183,-0.35579566087172854,0.13245897835196474,0.22538641885507626,-0.741365965706879,0.5484680690968295,1,4.2104097850397535,2.579799242199269,3.698477527137103
0.39232536280516417,0.5798879788701741,-0.1117084819513614,0.219028178940871,0.21479533963000041,0.554152001299997,-0.6500634266661689,0.04054418560034412,0.8160828157890243,3,3.3401568533968633,2.8698151624944517,3.8150740746995235
0.6160032262876025,0.9553466600611324,0.1664845404860178,0.09542586003508036,-0.2634996404381129,0.3884365056853498,0.8746062537263635,0.9769700343643997,-0.3114178821503395,1,4.141538089452202,2.7901782317593833,3.4933563446318963
-0.7205312257311396,0.9339302897212074,-0.39138049757550664,-0.6910350298835461,-0.09163304763694491,0.2337017689944334,0.22651260817774466,-0.6076297268762669,-0.617460942445974,0,1.7414730334540527,3.0480233224239255,2.144151431078388
0.5003173182499916,-0.381805808403199,0.8438970859034487,-0.6163806824220315,-0.10530565640704648,-0.638186184190781,0.5433851977145439,0.24529998996570668,0.603073256630793,2,4.26796544571244,2.91659533719498,4.004251264617009
-0.9209735825573684,-0.5132479959534539,-0.3051406709026474,-0.8328600946850591,0.8255763271723919,-0.12974452716050022,-0.8109925690130764,0.11252338475262103,-0.898550575881466,1,2.194879632867409,3.0752288107306494,2.235056758793687
0.3089289680424936,-0.17109999223147043,-0.688454222120159,0.3438042149969933,-0.6583465717648687,0.5296671707607183,0.16380130304086982,0.4758012950392596,0.9141658845923271,3,3.5865159357703544,3.1829961819920762,3.582045815696673
-0.37817349384420496,-0.13625440410486656,0.20202917098588546,0.828852155350128,-0.7125806183749301,-0.5423458322977537,0.4880140076879358,0.5812207079088341,0.011539625320683866,1,2.9516000344985267,2.722056054509439,2.971172737145799
-0.6822843025709115,-0.6626651848496035,-0.0027710363841211283,0.48971383450481376,-0.8111088677845955,0.25629912580872616,0.4015831204699116,-0.0023046773819370703,0.5323152933574586,3,2.170545367563422,3.414852964467286,2.6483953566105467
-0.5373954094571871,0.27541510463797936,-0.5365193666083712,0.24082078683081298,0.839205514163611,0.9902657399674051,-0.8440085084650428,-0.4634959362223847,0.1233251586120816,2,2.502280366805227,1.8379060413155617,3.1097744406933265
-0.5278605376874752,-0.6970586684743716,-0.5913800450885252,-0.6197279988400457,0.32034122514370544,0.7919033183235915,-0.17988859842812177,-0.3950126025509755,-0.023448466196598572,1,2.6667422141293033,2.925869919659528,2.6414988913200776
-0.07016998047832912,0.009512976885423408,-0.12787284635694962,-0.379749073150073,0.5213290669156423,0.2742186341345294,-0.7171516527970718,-0.3317167441956719,-0.1178944287845145,3,2.600168562692455,2.934048916849763,3.376730522656326
0.7013959333658721,-0.7672882572327311,-0.009881042244582527,0.9817663632450309,-0.25450642628758047,-0.7511564756812927,0.9490507894517941,0.9200018186230132,0.4043516405596679,2,4.882451505796316,1.6659830423474382,4.110076860266339
0.14832853566185977,-0.8154647185877419,-0.9816156976830579,0.4273512266092603,-0.25162668773711094,-0.09958035577186863,-0.2252015598031707,-0.6432293468673147,-0.6411233298683043,2,4.45549283830808,3.1334719519732532,3.6691977069598556
-0.586025897843736,-0.0937667823461823,-0.7127181617021012,0.5560722451695419,0.0968067682363225,0.47362687894492894,-0.14338041287806846,-0.24480348585566825,-0.4832508415974366,2,2.824829089362341,3.282961848823798,3.127217043000048
0.6718137991432558,0.9445274288637346,-0.20900110103818403,0.404914653790297,0.3745512910530999,-0.9886806054883199,0.8421753977381912,0.9675136726316449,-0.5490864563899085,1,3.9465528194703254,1.5632283013993131,3.439298320752116
-0.6904681032470608,0.19813719904256266,-0.1103853314224843,0.4265160353712456,-0.35935600147346736,0.42253758018823073,0.30518198708076616,-0.32645306804574736,0.9648646662836409,0,1.7746608547718534,3.0499626115973175,2.1594417009878737
-0.5251321193150738,-0.48095802764183015,0.6068373064825681,-0.6353182123373349,-0.6353955765109653,0.5396285005409893,0.8256680542110242,-0.5160941104488075,-0.7494066778856785,2,2.9473282219874006,3.9550807374455124,2.881710557536428
0.566456741114121,0.09412402621526317,-0.8874342235673198,0.12656935184271267,-0.48070797363413154,0.5626162095964384,0.32116331644433704,0.587435396539012,-0.8498787547321989,3,3.706713930532018,2.801629571286906,3.8474525039395733
0.9992966748651353,-0.3956484363484627,-0.8154392703094595,-0.26712603616806185,0.9289477380730082,-0.44446389465516667,0.5313430347632897,0.08692110692297494,-0.03731909961783497,0,3.269118829272043,3.184780236694186,3.5481061875875612
-0.8892458194617858,-0.7035310199215445,0.5369344864490933,-0.5418630077997428,0.035190366123980965,-0.9185510887278328,0.7165817710931988,0.6764861884985451,0.8252394912425642,2,2.673376613966301,2.2353237284588787,2.8235247599644726
0.953598437386431,-0.7374732800152826,-0.6139538106007216,-0.9602549867539409,0.918875278024831,-0.8551946206316483,0.07572317874631107,-0.03943783733951789,0.2531502320847874,2,4.5591176950540575,3.5219178751207236,3.820966115999955
0.27624793250083424,-0.6165682774142907,0.6012825428289506,0.6116062645283957,0.29772588906896646,0.03275975022022415,-0.5729366268732876,-0.615061625318061,0.3273702811842527,1,3.378664196379469,2.81042766138766,3.2413575981377494
0.2526350150162029,-0.4013745594078342,0.7216491769321962,-0.4261271039103749,0.07773402063866475,-0.2178217124827535,-0.7472266070952454,-0.6947422612161889,0.8995892162936518,1,3.3905927516475383,2.747766861873462,3.432221999424051
0.9140958095307481,-0.7872874346831131,-0.12395233132916017,-0.8876525653539822,0.5027395340901821,-0.26011460104427164,0.5157333738795451,0.1291616565274376,0.2962547782526783,3,3.94821528960352,3.1968627707304527,4.202658366440431
0.9109296906844437,0.5471131019197202,-0.3218971542160367,-0.7874185119378287,0.2706673472510561,0.6470713729912321,0.9349013695034065,0.6362006113401129,0.28378539401209246,1,4.286070422047721,3.6928239413614525,4.015900161760597
-0.11438668387688189,0.25138736233492853,-0.5946463705771554,-0.33885217783313526,0.8450906646455585,0.1670287206975991,0.5318396043210785,-0.4911056472234543,0.2522300256127823,2,3.0700047447115377,3.0977924954876483,3.1538573579107805
0.01867964244474596,-0.2657419717579266,-0.08547694240408976,0.048459262623280486,0.291586564971132,-0.7114512676036819,-0.13021584242022288,-0.9010363717884045,-0.2787674904856514,3,2.777831764999719,2.7868096151205983,3.1978093400320873
0.2881314189873505,-0.5816190044799567,-0.9497051505816638,0.3011595491808663,-0.6576872337977371,0.22860871444595543,-0.47580584514848967,-0.129180578339106,0.8372439977864561,3,3.7988108234648217,2.940778894790003,3.7644572635588167
-0.24294732885555703,-0.619244546871319,-0.9890421768449627,0.47750996009325464,0.26654087890025946,0.9303691045337068,0.21208892611545394,-0.5459834045779439,0.8183922718187386,1,3.2400510795121917,2.9409174920153696,3.398484393660196
-0.5062579802613478,0.7257098182800663,-0.3173763701695511,-0.5924545128337126,-0.21671012942031598,0.12472146694214015,0.8184169987515966,0.07513079010105272,-0.37805168854373683,3,2.112155474750677,3.293555651087729,2.8518787915312283
0.9576208882427888,0.38608198137769856,0.6793570455326543,-0.1531856630035182,-0.3454185094616278,-0.28445554472231604,0.44847772395566077,0.1661539626321742,-0.9251842322184982,3,3.8591372772819668,2.847638136285919,4.427289739118992
0.27837414058538035,0.5546584644629364,0.9661850449702374,0.43073398038504407,-0.9631158337339598,-0.9631408359862443,0.8687430425729634,-0.8859576970127196,-0.8746305679721269,0,3.640257724760918,2.1546882434068384,3.329150640423591
-0.7353076288728213,0.2948298631666446,0.7609337755368673,-0.5159165979962157,0.5031953639730986,-0.11527973379172884,-0.9275029887257231,0.013742897173253388,-0.04597131416825473,1,2.2398980345535224,3.319286561353647,2.808401988406453
0.3846942508932689,0.47100169887542975,-0.004413131745390375,-0.04244828848705917,0.9726168762189875,0.24408124741711612,-0.7700704124148785,-0.7821587404403398,-0.872883265314826,2,3.914506016850792,2.861613457743549,3.688573587855536
0.6947045753909211,0.32210683637375337,-0.855459717770344,0.8305461175905071,0.16881788571762324,-0.5380416390154694,0.11153708606807067,-0.5018363263761416,-0.5094969993223246,0,3.5687395294254687,3.0198506155757863,3.77887415336042
0.7415680433877494,-0.46847413827515205,0.24809182146832165,-0.8100522422468153,-0.5300258546449386,0.362732771890103,-0.25468213979263177,-0.27436481459996154,0.7571365999505892,1,4.432016405229866,2.8430223491837125,3.708623409442309
0.028187467410595524,-0.37639440575077865,0.6071986565509733,0.4046502968432313,0.41695566892078584,-0.8422746692284813,0.3409427507477698,0.04021623211381442,0.5858320223753988,3,2.618561432923589,2.9355588854835233,3.130103436336519
-0.5095346664229401,0.7020475169181386,0.82855605283442,0.7204085382551642,-0.5813082522793773,-0.12626976541432944,-0.9225668002092449,0.564734425667337,-0.8897086853313902,0,2.486762385129594,2.892567569567354,2.3594615935890237
-0.7983406797017416,-0.05275479866936661,-0.6061102222895911,0.6781356885938874,0.058736811836799685,0.4700753094328871,0.8354555003257305,0.4501050809536955,-0.5926736449899725,2,2.724741147219265,3.4539724541565087,3.0346234961852123
0.4553709164936186,-0.6946827899028267,0.9071357801336399,0.7143240404125424,0.13410414999500708,0.2460909764553183,0.15822694660774106,0.3921993866951696,0.7100481131635064,0,2.9617895016737337,3.1502811902557344,3.261079851955194
0.8643975546732103,0.7276724792552591,-0.9635388573211994,-0.8200853873121283,0.7018090412226721,-0.8455396106565618,-0.17801525196841195,0.4579372525341532,0.33296745215556145,2,4.398557896232691,3.57475041154036,3.698079765342727
-0.7543558608543104,-0.07082236306380274,-0.7242480995785858,0.9806411860772082,0.2428690182144937,0.07420372848082146,0.18966245080414934,-0.381280697387091,0.48096444549214135,2,2.879634468189707,3.0338225846225333,3.328203761006481
0.7679732665124674,0.2654154545485199,0.7395396223151665,0.15045627863613387,-0.42231094585005,-0.6030998263083809,-0.55154535497008,0.29598446867984296,-0.37079793107583936,0,3.6576513408336053,3.185084156012189,3.7657033968897093
-0.0576109457709979,0.7313919104348929,-0.10899552114123545,-0.530729208896142,-0.22145436243003203,-0.3553137848314891,0.5161745684338506,0.06705571271589039,0.8970916313096264,0,2.5429398638046345,2.9776993398834137,2.8295898308372838
0.4509082366183361,-0.784933322083109,0.3659722824006697,-0.7224033254316431,0.7721070860126091,-0.7224737112685911,0.34225770808547296,-0.07785055454513023,0.9141238349884562,2,4.050957585183292,3.010043799682343,3.479699049290165
-0.7198333173718245,-0.504234104079903,-0.8017137853460579,0.9255848800926818,0.16820217568702645,-0.43690117690164065,-0.7262052101511487,0.8551459116725422,-0.12595356560264048,0,2.024274050995749,2.88059633968671,2.9257739544846317
-0.5060510350000686,0.9562637191128958,0.13380708917622663,-0.8920144604593232,0.0488827138145953,-0.25809425971925837,0.544572887101721,0.2619341468049867,-0.47613816167041767,1,2.728856370988863,2.961438390499644,2.806609135672406
-0.41209130791248216,0.34024294527538124,-0.5693614861815373,-0.8574333308647304,-0.5642313827234156,0.3582192833491751,0.02447926796538291,0.3690045222728333,-0.737136567926846,1,2.7934549634862407,3.021935666054554,2.4534075854844763
-0.4334420996766881,-0.19257537489396714,0.6442104166059557,-0.16397543324481267,0.45942266008752974,-0.10222922634700948,-0.6823758034737775,-0.4200883283651098,0.23446771513979225,1,2.3025215477827854,3.066835076412246,2.7209173472273362
-0.1238842243576792,-0.6579228518332643,-0.40763294231573877,-0.40117341623115244,0.9089118954622326,-0.8882149200737677,0.7891813700806667,0.9569045002903738,0.7675685501414147,1,2.9830506952468956,1.9642673670723851,2.5739323457771066
-0.9997646979215962,-0.9202935641366474,-0.4135527932327223,0.9387214056017077,0.750542387157558,-0.15340170423546584,0.6863516084192685,0.3338499938001247,0.7696893598790102,0,1.6861737011530995,2.858475323216378,2.567607042647599
-0.613190326614534,-0.08055848136659871,-0.6633171882908626,0.6258616976755744,-0.7044686805765545,-0.709472772805793,0.9252501694116351,0.10716300985141802,0.09572936470919391,0,2.0219178874196837,2.7478117200757,3.0170152885000507
-0.8815792071933699,-0.8200098091035142,-0.07023853143601277,-0.041726907063911245,0.6411151282044534,0.9369174356987489,0.6756534654894282,0.023604413251385514,-0.6362740145051966,3,1.6473067735492077,3.5959348498544412,2.8297921395404098
0.7454868478589909,-0.8120241012458218,0.6900865836912098,0.955987647010623,0.21068278339147528,-0.5749545411486465,0.2699228880361264,0.20098107503943075,-0.3137605675541555,0,3.547685162763553,2.9954970703982005,3.4371246140434732
0.07169975611195745,-0.6533410966387676,0.8069087310470189,0.5720805850325752,-0.0009237525030669769,-0.1951408855896326,-0.7215359760285975,0.2198405339873044,0.5689211782775114,3,2.6193914148255506,3.3276111305076204,3.4061840248773794
0.4388349396405593,0.6741793325821581,0.6050259040609833,0.538862514879257,0.6050157634133304,-0.05642679777921522,-0.3493703025561621,-0.8486753718582705,-0.5905984137788325,0,3.37869630182773,2.900748362316616,3.188986792759238
-0.593611131649519,-0.00011739200007410133,0.9269975671232784,-0.18275509721733574,0.5294838674510192,0.5107386366436801,0.6423601345044232,0.19508841362528595,0.5064421734885014,3,1.832898911141019,3.41851685673363,3.3606385930508735
-0.09191608098446502,-0.5868128708785485,-0.23696669756736277,0.13570744621248498,0.20585723782445497,-0.3083381339346223,0.3075519828530937,-0.6046902828802982,-0.561114288489508,1,3.0599834175679734,2.9610457622098996,2.8621645327994663
-0.6531394830662598,-0.17522093227267055,0.5088197538093773,0.494358206927737,-0.625761202207971,-0.7939014285041226,-0.3759916490419557,-0.4788279319543305,0.3315250587742238,0,1.8667390500908436,3.231725240005518,2.4557541157858536
-0.34746350844461626,-0.2160460292267774,0.942105484303652,0.7770392991589994,0.1493416406749004,-0.3045551841194709,-0.37913361256888956,-0.06487989443769182,0.5315540426692309,3,2.289782144468105,3.2535485210699777,2.965641895191484
-0.22421948384447155,0.928799878663636,0.552589925841213,0.8849424286564826,0.8342894380099692,0.34390095006502786,-0.27393668581641073,0.8024276008293456,-0.8924458816236642,0,2.6449397232992657,2.4575071976843557,2.796111912339686
0.8139926404745796,0.9825311030997887,0.2138131059993238,0.8540880968097597,-0.7982032116989004,-0.3799179395589398,-0.2679055990404444,0.5020887295285446,0.14210118595099797,2,5.004684591934375,3.093262256505658,4.206548857451641
0.07201965404577781,0.04164887185230737,0.9954348184896744,0.09823368548513933,-0.3975199865207282,-0.4316926391539877,-0.9404868684173984,-0.8718340912397788,-0.880262518563109,0,2.8077307217328675,3.1580711836071114,3.144675090190141
0.8863703200180186,0.8138862412013967,0.08212562229324405,-0.9132034848242949,0.9309893980713191,0.9909923217973438,0.016166056509325566,0.22250046520910693,0.036854893635171804,1,4.20907680007199,3.465833156173467,4.186823031982938
-0.43207892380339485,0.767589350579247,0.09309414648150893,-0.45517381095553056,-0.6392348772540066,-0.619165779733791,0.5854291947927053,0.868974589969914,-0.08277012443681375,3,2.4055787875344024,2.3886153074698724,3.262926093983995
-0.5082002428273216,-0.6620488476457604,-0.45931207514616723,0.23563820867857488,-0.895271122702842,-0.32376366429520886,0.03909340077796619,-0.9369624376691235,-0.038229582690852304,2,3.211670688266887,2.6228386127444416,3.0292234559867213
0.3879387133708707,-0.2578735005363806,0.7298642180853259,0.967151453556234,0.7390950709339745,0.9420347025014071,-0.906319601597515,0.2800813566595308,0.26043595231297356,1,3.779849285193444,2.3760820633850037,3.649285749808343
0.8116007741848486,-0.34761394181268757,-0.6189585698796232,0.40388991437602795,0.8267083565407556,0.46761938425546745,-0.5000637401269763,-0.42882456320957507,0.08070256933591646,1,4.000237872863605,2.9813572377362765,4.1489617411462705
0.7452628301955819,-0.35298310685940204,-0.013781774582801054,0.22740796726642376,0.7257401009717583,-0.15122567566372513,-0.2887807077484923,-0.012105770578485942,0.708077908402095,0,3.3420139893413077,3.271653455065946,3.443298051424538
0.7943208572125064,0.1089811196944428,0.06459796232270976,-0.41739916865232196,0.8335683928960411,-0.012708275487238518,-0.45191765893900393,-0.7643782924979206,-0.6449966287701037,3,3.6296006396549405,3.0811283604322734,4.129093891196529
-0.2854146488838729,0.9222177516473244,0.25586446167891075,0.40890827876882363,0.26146526328287445,0.32841501912799176,-0.5704695380294964,-0.8454717183512808,-0.7785323565551776,3,2.5010434988163577,2.684389081817684,3.1206362858493413
-0.8906285359517625,-0.1201588666877742,0.3987850721792303,0.0302864746750795,0.7890339082313935,-0.8799808771752735,-0.5724642645862319,-0.6801514598793112,-0.9073962473092736,0,1.3532317281750694,3.1979315087364086,1.775201449034331
0.986791311976642,0.0945107339147171,-0.6847771290178517,-0.7622580193631985,-0.3235475117541686,0.07468284262142055,0.6421307012642425,-0.5296488929065994,0.6176658627562359,2,4.832739245961457,2.8061618156272803,4.0980839076314
-0.6317781012978678,-0.9046868363080414,-0.14177130272207905,-0.526436673714807,0.03718619232873177,0.6260553788044219,0.22217574518366878,-0.8702974502594503,0.2684152721160671,0,1.8120156266359164,2.73518977680747,2.2731456816647544
-0.9645562089826134,0.462326476192396,-0.8227671183544167,-0.6913539666263615,0.7641020380565551,0.4178818529710939,0.6395433027190907,-0.18002940037583248,-0.8913440696559813,1,2.1951201501869706,3.3999674946656135,2.346819690822024
-0.8690520729228457,-0.6676030603362735,0.7193855701284297,0.5384442186429368,0.7982017724120725,-0.581459857264419,0.5163129547631014,0.6262192142327845,0.7659478827714505,0,1.493908487499606,2.6063893131796125,1.745563171087046
-0.19839673536434188,0.5592159411202209,0.7882961699284217,-0.031852315194108805,0.966585607710013,-0.7346539732691566,-0.028369415640094653,0.9233976637497665,-0.7782162040635479,3,2.574095867830349,2.4467396239409553,3.0105098803284323
-0.29865863171536833,-0.5943555328181493,-0.3464058883155152,-0.7333158499904231,-0.7950941675817278,-0.8768527395461252,0.5468580547831423,0.6296831277274917,0.48772281531603423,3,2.850664397653704,2.6141502925881652,3.3774341256670906
0.03806002842993772,0.07556492644874946,-0.365942795267554,-0.019468787080345162,0.1311830867800854,-0.8476989782688549,-0.31259404273873215,-0.9388842555248087,-0.16910872748107453,3,2.8099041205158444,2.884529745648275,3.3056701755309126
0.46401344911207887,0.04631564441975344,-0.382996473232734,0.5418846960602246,0.8300064625789227,0.018615133820058194,0.7796405289419981,0.15621954901970958,-0.3278695842678603,3,3.394725078476829,3.2566330485217376,3.9279612895424205
-0.8386938828814494,-0.37015059236160663,-0.594972926833935,-0.8480185579337152,-0.5763401730730806,0.10409257324543386,0.14987102047617085,0.7481763660140557,0.40343978894689414,3,2.246925327949899,3.00215367640833,2.5557487529434364
0.44822353180724406,-0.044902313397198634,-0.6310283176866025,0.8527243633936847,-0.8759766965667237,-0.09402412106737446,-0.3845203504958554,-0.20418738549101523,-0.7279320906664484,1,4.330068698913619,3.23657288353342,3.8022434501748408
0.7881649476274106,0.2700923968496787,-0.7305231741264286,0.71610853231117,0.49478030048302757,-0.6955968750989343,0.13486452506373303,-0.28035725698506364,0.7762991984304284,1,4.131167600941944,3.026486408438754,3.7858346163101833
0.21915470979104268,-0.24215866853217372,0.9633700027059182,-0.38190071419806704,-0.5748501936089825,-0.8285117105818331,0.6926766374659921,-0.7193340396696069,0.5566537287141644,2,3.9296222368576306,1.7878800393333532,3.956127458630208
0.15637401978493037,0.8025472759735128,0.34527115596312696,-0.8068816047519318,-0.5535526034176623,-0.07211403834447538,0.5969461955563165,0.6333208199010083,-0.5386628042372852,3,3.6346884746431436,2.6808134943257804,3.756304929028406
0.3026368309628833,0.29863681820788135,-0.8701299293611562,0.6173583614869231,-0.14418291870247657,-0.42027158954676636,-0.9766594331778793,0.36837627809469153,-0.6118021432600638,2,4.021260975941452,3.576025468010463,3.8511052963457506
0.32989737273002184,0.12080896305795119,0.44554025490749405,-0.28779645892724814,-0.32219595579746496,0.2487325439734116,-0.4650413018742725,-0.8622016606069605,0.5625499699028764,2,4.227383610595825,2.2430884534374917,3.50213126995693
-0.9004562020168012,0.3374365091565652,-0.49369802443594857,-0.6810621568613178,-0.314886996493297,-0.7361195865886343,-0.7207146708562429,0.2341749718763786,-0.38147200360894407,3,2.0454126050336123,3.646330794119933,2.7062484186002798
-0.10059454249983113,-0.490387934201824,0.7246251487119442,0.08644675973950178,0.2580756025930253,0.8312008881149733,-0.4911213686563842,-0.26634185386505527,0.765664722307398,1,2.6483750711927314,2.592758380774395,3.1187158888937807
-0.8945437708280664,0.5562631333162786,-0.25158495193758235,-0.9645575705946261,0.6013308884476065,-0.08776150578503406,-0.7018017375003116,-0.9390617598977791,0.6512840408862053,1,2.3272115646350446,2.3498980791716004,2.3923314723994022
-0.5531778675955654,-0.09034052252283176,-0.8101013629328628,0.8434844724653385,-0.5353796253235166,0.7749588713768145,-0.9183982012395857,0.20432695673800572,0.03352768426393293,1,2.76093894557931,2.541208343497282,2.9145684791702773
-0.6570481557870587,-0.7771280796224493,0.36619625377417897,-0.5559651015322313,-0.6046048179800423,-0.6290176385223487,-0.928278879907048,-0.8516090441436777,0.2750287111082963,1,2.4347981861919723,3.318417857098369,2.9133780885049783
0.41012946807820727,-0.8129081180406468,0.12704828016292113,-0.23706130938215764,-0.1669167821610762,-0.3279020844064269,-0.9250185331786882,0.4048334064736707,0.2794022542361283,2,4.18802802424624,3.6478829162042343,3.6093119981546566
0.12574818040467672,0.8395716796865056,-0.03595190842474394,-0.9302330182708662,-0.045635689943386515,0.19820727102815616,0.06379881989303904,0.37327653738832534,0.46431708362888324,2,4.052765818059836,3.3358751231469204,3.4186140408914727
-0.27295229970605694,-0.09656679242374255,0.10280640970528321,0.6879180837601577,-0.9381262151953722,0.4202598932503403,0.9579921986794337,0.9411783943788743,-0.11203010366480548,3,2.745528675031058,3.0088291160146867,2.908493441049805
0.4905046917620983,-0.08799048313368774,0.025733947325188078,0.8488976056638049,-0.6703735229264198,0.26359068984615264,-0.2134336294359198,0.7699978896679489,-0.2678443982101397,3,3.9591238409148035,2.5537180806884074,3.784854927206531
0.06731425170804028,-0.2748964907704401,-0.3302695546635548,0.4312608780431111,-0.4118471162866204,0.055079860871727115,-0.3515841283631278,-0.3621203821562846,-0.4504670520379175,3,3.154033923611239,3.1258153173687115,3.4944237415100567
0.5003208547353475,0.5043977135939144,-0.6821844936213124,0.2453487221820405,0.4714853165053985,-0.629636989048201,0.3614847037366966,-0.36283484378765385,-0.8048615935740804,3,3.24725997627588,3.0391621569207867,3.7474103028484014
0.41828586568804615,0.9958168990370488,0.960738034274361,-0.40288276490202635,0.5470116522023798,-0.7937085738494085,0.2339385148274875,0.7331944131635952,0.5269453754542504,2,4.465610920595335,2.7708776406909794,3.5820358457191106
0.6631391548858301,-0.9909384775860497,-0.4819934072514167,-0.8712314434149375,0.5194533014971716,-0.2915801235320292,0.736782154575403,0.4711054720861245,0.7415552443171125,3,3.9339202745952857,3.028962384820879,3.886731945489238
0.3228921456088256,0.055865371574555844,0.9320271308433596,-0.4548622047514308,0.3079212924010577,0.14671820705387728,0.9940261431503843,-0.05004379029411954,0.3889770710106004,0,3.1022700124559326,3.252023441605789,3.452413845234397
0.7462846041100044,-0.053971534652742736,-0.3509418444370327,0.2578023241579994,0.16789079377714433,0.19565196656004846,0.2894299972716017,0.8488698190462933,-0.3436823327818772,2,4.490397811574574,2.614960701270862,3.954306009003949
0.19060037644247108,-0.13160533592554802,0.9456778725742425,-0.5419400593069548,0.3308494564372604,-0.7969291005657402,0.0047567183932166746,-0.4685348678518091,0.2029842987047361,2,3.792657982588408,3.0573792039915118,3.535344585426343
-0.5480468970853318,-0.8287335167303553,-0.03400579543660531,-0.803257823859705,-0.3986714162747924,0.8168443002757249,0.1672415048140492,-0.8421243654238582,-0.8048761540068392,1,2.686523806802496,3.10374384053672,2.4381084609584986
0.9613234470962104,-0.24944519886917238,-0.8545704753650638,0.6994925225984887,-0.4143764026871182,-0.19393771781666436,0.09630066457891484,-0.23730221747258295,-0.07888569703612203,3,4.047594929603386,3.043816772555596,4.621850040013141
0.9696771088307747,-0.14663806793671963,0.5463815446669327,0.4388983899851573,-0.1280428844964292,-0.8514605650689677,-0.21343251346704872,-0.41736739546715396,-0.7488924903944305,3,3.899339935049632,3.2938080497050204,4.360708722647276
0.283200554591706,-0.06279813469542472,-0.008187811089610086,0.783658623783684,-0.08254069788616358,0.21480699649401425,-0.42460913228957886,0.6111945657988127,0.13474036916925458,2,4.248998818890392,2.854617843511149,3.5211669210257157
-0.24540281190639623,0.9901310442731497,-0.4779519582236871,-0.8981562104253609,0.3504690332780631,-0.7789201690418288,-0.5115254640219036,0.06471039122379763,-0.79955836912514,0,2.030317746109516,3.3515985857197546,2.40848942846338
0.4196837660582631,0.8251089863882781,-0.5933874885202708,-0.07412569772047095,-0.8279205194007009,-0.3590839971522428,-0.7800671932383536,-0.7636779259888555,-0.2600746238117042,1,3.675154130482956,3.044387065275337,3.623795517235943
-0.8489116419019676,-0.5332727149176537,0.4393145149163191,0.47399989274168597,0.4850695158633631,0.49894289680267656,-0.46136947189618116,0.7318499254755706,-0.6154686165790866,0,1.5091550605760329,2.390323804431651,2.184545425899732
-0.4129849598224753,0.9801546906720215,-0.8136759533344817,-0.5697052081042604,0.2057476689655373,0.518807928998579,-0.2086376329772477,0.2252722596499035,0.9801393140106782,1,2.2386537482462505,3.152574723613276,2.669004713059724
0.5774690968116709,-0.4082032723080631,0.6774468159340723,0.22241977195560647,-0.4313985545177883,-0.7195346111674452,0.7252049750355816,-0.1542664263338449,0.3837391403031254,3,3.614425403164234,2.6091419128342856,4.132834454895948
0.6560562987223841,0.759309547395363,-0.13022571373610248,-0.2562172949187338,0.18825881689291668,0.17171560534525554,0.5427204891025339,-0.6303817561226936,0.5200868287523783,3,3.636381331582076,2.8630143424355308,3.9946750721828015
0.5242859470001784,0.9646446456558975,-0.8846811146832501,0.7265363391079152,0.3415386658487771,0.18481301177018006,0.9967396744866059,-0.20627543645946655,0.9043929503805446,1,3.45641962890288,3.316327552571453,3.9034500611851124
-0.5080972147434468,0.7182441411576632,0.742998406964287,-0.7228066841661307,-0.503074777602561,-0.04307014732547887,0.1816523705084967,-0.03494224935618484,-0.47382458304346664,2,3.4355460044276507,3.4478189080887773,3.26998171978454
-0.5492214426179463,0.5476902641163368,0.7419088309365702,-0.32569987366873376,0.6119943646286536,0.5029696917733149,0.5678052470756292,-0.46669465874065175,0.6790324572660447,0,1.8624040411357858,2.9761370246640437,2.842093753508853
0.3245517547927035,0.719846758639411,0.05201430016121722,-0.5297022752576108,0.15965512036935103,-0.6392567465430798,-0.5397164638350898,0.43808015319355853,-0.8514545004362053,3,3.407729110708065,3.1623494240190717,3.6264666522443805
-0.9750299220096785,0.6109315237340209,0.07615794912508611,0.43907093457275037,-0.3456081166782228,-0.7214506467222561,0.44588418687242193,0.08919174880027136,-0.9004846257252093,2,2.705102672864615,2.900017379058213,2.562973657206266
-0.29219950370088843,-0.3531323268469715,-0.9981398222969851,-0.4871388132731449,-0.4480449054393596,-0.5655563995695365,-0.9106017712100227,0.7046501379828431,0.6984102370464911,1,3.1319559233756022,3.609892276687787,2.9370970197226343
-0.7149413786190926,-0.7652933730140719,-0.14861872072643423,0.4031893607358179,0.7179675181285077,0.10044593713996441,0.5918148057705899,-0.6695419304745938,-0.5084387129069423,1,2.125391310799525,2.931132323233367,2.4946632777517412
0.28038589505447664,0.43593314996939303,0.21665383523558046,0.4870249184027782,0.15740137764444295,-0.9747951782851079,0.8051731731221512,0.7364192855434386,0.26664182868080344,3,3.3682401339216765,2.1493677297698723,3.49953043247662
-0.09297804018675104,-0.941669566121911,-0.11552484221028791,0.31562351135604905,-0.7372760689113895,0.38908501968179254,0.957328692041495,0.09397984675337367,-0.3513309596301286,1,3.298211423374756,3.679339428382265,2.722797649972645
-0.16530536120244377,0.6063831847944243,0.5188909790353791,0.8952147656195963,-0.5081048716502701,0.2699103196738415,0.5824416267371324,-0.7929058994725475,-0.980830485805843,0,2.9282220250591062,3.074949591096875,2.5609910494193975
-0.8784150812739795,-0.054223152023924914,-0.4935626148111649,-0.9723074177942104,-0.8736626711025504,-0.8272161686298181,-0.6490150293504469,0.3284914850936036,0.4727802598676638,3,2.3541859575125965,3.8416422587786396,2.9606630036517054
-0.4620692341034507,-0.6288362900829694,0.06828050854843903,-0.8799671184749618,0.43285007087315774,-0.43157197844214124,-0.9768932490233613,0.7013502069411617,0.5670211037865449,2,2.981751793646807,3.5377279907218218,2.84855133320169
0.6598074735976711,0.733545712062095,0.5858367118194356,0.724809556183881,0.656398971229315,-0.7386039039069956,0.6748884824464507,-0.2902090070729928,0.18734902349130622,1,4.164229953832368,2.7218440075929493,3.3337721161689
0.9426067576992412,0.5413276046356374,0.03380912526865587,0.2300817192553788,-0.23300989376848036,0.5326347582598454,0.6496004302162532,-0.9333116900094673,0.13390247181044224,2,4.625710061267193,2.8880391193763835,3.9850505251640778
0.884006962039001,0.4351511417562357,-0.9126305367165941,-0.7654187683838081,0.3249782098724878,0.5210069568405895,-0.5578523176850199,0.8194278238680097,0.44126003451939577,1,4.200347485060016,2.5683499155570337,3.9597070597342046
-0.8100444263838826,-0.43804381125605607,-0.4394037011173233,0.6368052688562895,0.5695806829845147,-0.4929474770296882,-0.34869340602352383,-0.4502489617207097,-0.6760787995255573,2,2.609379380066531,3.423215247007792,2.678757295158385
-0.5353747608922605,0.5260182175283092,0.7316712250798934,-0.07285326578702889,0.8238786415325587,0.8346778482938442,-0.052603455148704015,-0.8101434405515435,0.8983565514154535,2,2.779398868864302,2.216122191111335,3.1587880644208073
0.050121714667906714,-0.13765567254647237,-0.6276322370803866,-0.9084812307558117,-0.7309538452856397,-0.5572434739672414,0.4445294113463587,-0.6839908357978768,0.028965396885042738,1,3.7753195985892964,2.542424557933935,3.285834347862349
-0.59136283060985,-0.7396031978084792,-0.3431477660680109,-0.5059080478410654,0.7844720156749256,-0.8476711529700223,0.41425846428981794,0.0225657321412589,-0.4194975934835594,0,1.7245177397140548,2.7429486989421465,1.938946395533678
-0.5679724369924737,-0.041213189098517455,0.968107666435249,0.4620890932224535,0.21324080665072875,0.9838975672042505,0.5138359837077093,-0.4689922039315282,-0.6630992617940252,1,2.33132149957865,3.724665851502876,2.678293659556822
0.7767710305520235,-0.15735060750207652,-0.5737609484246886,0.37091450538062243,-0.9375705945190373,0.39307511404650075,0.5546247449309589,-0.2314816250148959,0.5981922417606134,0,3.8167339093451327,2.99953686586891,3.4306833177762677
-0.49489628087717064,0.4090131895567539,0.7090176610041947,0.03069094885984658,0.7190555030660586,-0.9850143492794037,0.803043699409107,0.506392883981188,0.7738553022431327,1,2.398251227651573,2.235061014107332,2.359032589853187
0.1600578599596587,-0.7621226384737398,-0.7013930262297294,0.8673282773820981,0.18441928489790027,-0.4114815392023812,-0.8448728305073339,0.14465606713986845,-0.09120619150724885,1,4.011201623671145,3.6507628713315143,3.4981773927603768
0.7893817914700105,-0.3604747535195545,0.6143967832147212,-0.738085901879362,0.8881575483216935,0.5886953706913063,0.3403402393521324,0.5569360745691878,0.8625169462940603,1,4.037327685404125,3.5717806611637757,4.271283671542067
-0.1404213081419865,-0.9546735720395287,-0.11432504459342452,0.4410610816403555,0.08829181488003135,-0.038303465107776935,0.6132880727587,-0.8661123372811406,-0.07307974963334507,3,2.695190263482282,2.6596362988274045,3.263917655223395
-0.881818802085617,-0.5610267054439786,0.9670685142853095,-0.8847190803103715,0.8890756625149758,-0.46913945573185356,-0.5201142802006535,-0.6587531991386684,0.42999591813665305,3,1.9166147032207317,2.768510368036183,3.3084247422641533
-0.7366217737805212,0.4310178536181215,0.22602638087075144,-0.18319275662538437,-0.733344447264916,-0.35933499044171313,0.3429051822045046,-0.1758534832329519,0.555075024023203,1,2.422654552964721,3.171678830990146,2.5492973205968634
-0.9632929537335155,-0.8086912452542698,-0.5730264015280453,-0.8375114936114416,-0.8953835450486056,0.2523415973420555,-0.6680422648379678,-0.8110130666371822,-0.5654496011737069,3,2.315173935337222,2.914741524370172,2.3709896596463578
-0.6127121033687468,0.07657565800192456,0.4376543759485161,0.8332806335475851,-0.8773202739930908,-0.940198703468587,-0.25787793117934954,-0.28191572637864026,0.4569968953407526,1,2.762980063606121,3.510946898215924,2.718872312839617
-0.6821056941490171,0.5639091988931684,0.6780938384438404,-0.2300368986511272,0.09049644045964977,-0.6174829461984552,0.11029929152448692,0.8863165295849813,-0.19129528222142245,2,2.7921973826428745,2.404640935238162,2.7857000250820896
0.5252624863761695,-0.2503611186015797,0.1881109755052457,-0.9763363734027299,0.035977534988272275,0.0077855966867406146,0.8807599029668183,0.6554092204349244,-0.2432165697617663,2,4.629384928745427,2.80363409439084,3.86606162026918
-0.706034877948913,-0.3170169164351113,0.6808952677693036,-0.8837088948647405,0.38577428775196987,-0.37573147064774837,0.27600813359096343,-0.37534909956517537,0.584782073682534,3,1.996395016858864,2.79410593461427,3.3078183134056425
-0.9905839907225993,-0.9328899974024834,0.14006344632222034,0.912753269815282,0.6699968077157636,-0.782196704909399,-0.23786050790142022,0.972269048802884,-0.8327793330890452,1,2.2977014256704766,2.4050316292089517,2.1487590280310465
0.038765729605620525,-0.7081640611073583,0.8237856529146899,-0.9010518150785423,-0.5674647022771298,0.49455628131399276,0.1617375901000353,0.682582263573561,-0.12301029253059559,3,2.8358754524599483,2.8645901825854563,3.7153909281695183
0.9520921331265757,-0.009581473288529985,-0.8739196515227174,-0.71865681705841,-0.7976208236573172,0.1369706215120139,-0.6877664661736858,0.3501836633064208,-0.45871862244004036,0,3.9286863455701955,2.708701455790187,3.6432356204876024
0.05634133501106153,0.8694007075406567,0.35350389594204423,-0.17699546697683854,-0.1602243911878476,0.2139342391513368,-0.453241036974122,0.00852141385809535,0.8224050579183426,1,3.5360623970933553,3.131351746224377,3.0543409102330474
-0.05417952801359127,0.5634399579926981,0.6731671940573307,-0.814094244845267,-0.3903331911928922,-0.16152219670226242,-0.2318082378929316,-0.2380047897947588,0.1958964067439546,3,3.3393024203113857,3.163555790694555,3.7674043081584623
-0.3604552771814802,-0.1948766236345485,0.03210492780661944,0.6700550561689762,-0.6087277974958656,-0.8757464280422502,0.9194898901600781,-0.36132757067292864,-0.8965583157971808,3,2.530096527363585,2.5218388063543107,3.3944612680770585
-0.04519971670507705,-0.1794550439480449,-0.27194687325127376,-0.20180321113485733,0.04855129916414702,-0.38603578501509794,0.20741582266581315,0.8129084579543893,0.5067207458906366,1,3.114327034317522,2.754104137320478,2.9075653986584444
-0.7496700797888858,-0.10407584070811393,0.6002400644390979,-0.9903512592266239,-0.6972544367701861,0.649226401806605,0.07624109684353941,0.307426129452564,-0.8234412221038805,1,2.6977905964745417,3.1780669521521663,2.7858614754788884
0.8839664580787749,0.10762525350803531,0.1906179896097664,-0.25527379732793953,-0.764036062454273,0.6842166862301351,0.561471411726226,-0.17511487123231695,-0.16979725257116995,0,3.7624835593443864,3.243320155833796,3.3903773433459357
-0.9078199716173003,0.25311522729324687,0.4281574963983774,0.907408974992364,-0.9051767064588732,0.3746570851188977,-0.9379683095380682,-0.8605082272122571,-0.7203068272324784,3,2.3209948845211494,2.7335643368282083,2.4298050636788617
-0.3194050773437882,-0.7495536986461495,-0.10604265677515046,0.7629412551636894,-0.4502825935978254,-0.12445965386219693,-0.39192269056559326,-0.376981265927685,0.17574846262003474,0,2.405050730829646,3.073005448994703,2.7305681463037548
0.7647800446006505,0.3604146350628421,0.4370713311069834,0.7575803054387691,-0.6619772662827521,0.26473957460035247,-0.9448092433278183,0.9420500132376781,-0.27460475137548257,2,4.905925689321184,1.960191029684569,3.782824160534419
-0.199148711199169,-0.5686647900221864,-0.20411956164770406,-0.7641918593281192,-0.35677319599267854,-0.14289091621249805,-0.6084041678656988,0.2846722706634546,-0.5961586212482977,1,3.200361603351851,3.1874819245134627,2.8936045611855423
-0.6909592806392444,-0.8010973634165424,-0.23535145787105938,0.5497452155545757,0.11423709536149862,0.5335532856100165,-0.5321419714612852,0.9707726699026531,0.5455195265744497,2,2.773127401182525,2.2539835763177614,2.7990895094882475
0.9250777801216852,-0.9256751520099848,-0.7474394644411977,0.7439626647825008,0.3386495845770692,-0.5629842844309496,0.8148548797744173,0.08494511692596007,0.08948896700372577,2,4.508774453904971,2.8611260354052526,4.190758685250781
-0.9896676739560888,0.7909355783666139,0.8488328001560239,0.027461954277839817,0.35680763962455875,0.7559023033478003,-0.5494794158966545,-0.5807633954150682,-0.1692668491989784,3,1.8002126352625412,2.493628826786883,3.017781333223128
0.07453884647036957,0.3673614942633112,-0.8683004128743717,0.3758093866840051,0.16098242005091157,-0.4984638554264149,0.8328150037603168,-0.22542256564942043,0.4051182272987979,0,2.4310708498816385,2.7411141818056177,3.099319160988281
-0.7653738906516001,-0.4364493871709356,0.42789386334022783,0.6930819926285392,0.3471801188808652,0.9923176643774456,0.23884935718160794,0.7806449982604948,0.9817989774316143,3,1.8885541203479794,3.120287506056556,2.883952167056213
-0.7607665468767482,-0.46481424546107464,0.8727611073621799,-0.9618338373384259,-0.05214091475049809,0.6413544513854434,0.8619912774179781,0.5768861380236183,-0.9694829072302986,1,2.4879351205719513,3.2812264385375842,3.198090629374429
0.4159747524609745,0.675785190241817,-0.43511647230789596,-0.6918382568752959,-0.36298532300508457,0.44400599952128683,-0.35075866677613066,-0.39847134367921444,-0.7086649329514323,2,4.26286842246765,3.098645302585772,3.4450303122752906
0.7045247575250628,-0.9107229847935319,-0.9676723269701077,0.4570827965260533,0.13524372286181485,-0.9726003327114254,0.3892580583368239,-0.2018869366609699,-0.1786557305855514,1,4.1347308509628755,2.8745324590862333,3.8361875877492495
0.06858688421643566,-0.22317074155092254,-0.061759738413196485,0.4233531764540197,-0.5603813716074091,0.44409160347303267,0.8549497740820438,-0.2453372178157729,-0.5357982629575728,2,3.8801030158088174,3.896041016832646,3.086851095073856
-0.1970010005303302,-0.4701766768954898,0.9427581796914293,0.43063805882917316,0.8978781036349825,0.40145581478623815,0.5514315250941595,0.05565770565901995,0.4015200867620705,3,2.004276912811216,3.357178572898367,3.439379819065605
-0.18111317790091763,-0.07443367453297212,0.20047552677290303,0.24501709045261366,-0.09899863589222968,-0.6832746954490543,-0.6541531433148893,-0.9527093579222667,-0.09188446707048215,0,2.2813560529184977,2.986847981006765,2.6603587258938273
0.16320036734080712,0.39241710705707566,0.18479012820386864,0.9662200783657482,-0.9455955775621698,-0.910063673842989,-0.591891778747418,0.26591599318733294,0.2791746572050504,2,4.442348782340971,4.043926066424977,3.67383390752541
-0.3026454271355947,-0.5044117050486698,-0.47888292618319617,0.5729915662662655,-0.011380180729168465,0.6512983116840847,-0.513273814100357,0.5439767985942952,0.9959028894493218,0,2.352000249831897,2.82884202293856,2.7804227406942332
0.5928720818778688,-0.021636274910188158,-0.5018655184250784,-0.9242920892508972,-0.5067033192602957,0.8578644523394761,0.3337193675512802,-0.6210097311792098,0.24233838632411064,3,4.07599390314474,3.0065054531289683,3.6677207829313367
0.18942203469289476,0.3352767894488289,0.3412965102462031,-0.6164155215208975,0.1532770005209807,0.10149588089701744,0.9718662424837541,-0.8792773728498096,0.06286083905667184,1,3.646541784089599,2.7223945026222816,3.3339093208488464
-0.4234933556347571,-0.0697310579834447,-0.36271382645744965,-0.7474954191106153,-0.9706579077151121,0.763086010427021,-0.06291668411983209,0.7148079465038712,-0.4297987601217088,3,2.594234913070827,2.7555723295955508,2.681968335775154
-0.9212323876309965,0.948012158227304,-0.9273125792645065,0.08724099497793159,-0.6048924065838219,0.9679171184851956,0.7796485747976092,0.4196519992642156,-0.2808566479470713,2,2.9381317802353175,4.238086846539712,2.4974575626822664
-0.6991535195089764,-0.9976755332539256,0.4277629216815464,-0.3851069133660405,-0.28050324474817967,0.4479399001661235,-0.7170863034256258,-0.8948979625774449,0.9168272229087284,2,2.6728664177480272,1.9219241441444193,2.671469283957055
0.4728334317376841,0.7707933378095786,-0.004490986475725878,0.8616568758868732,-0.6435588777389623,0.34707174124129136,0.7564701538468239,-0.747547624437459,0.5856574038268831,2,4.688833642081325,2.8277705100041683,3.5691580762376374
0.32140469953340145,-0.3148128214762145,-0.6299634134270047,0.9089729196249707,-0.22116754340400147,-0.36735217141238796,-0.5751813832011328,-0.5963896721105,-0.599040272398105,2,4.542540677411836,3.419546103312881,3.9040268279223596
-0.41583344123499866,-0.5841011418779731,-0.8380708023417884,-0.7894666025628834,0.9762939837016453,-0.23434726760990654,0.32329206008488853,0.6171997485649092,0.8049129319872239,1,2.813962695015477,2.9325018007395602,2.405201884717807
0.7974885658524093,0.4259450204421755,-0.8247352007285376,0.553728487708292,-0.15153654290534213,-0.424475311358379,0.3950439333415803,0.5675315923371222,-0.9100990212553863,3,3.824645470521694,2.52897294682297,4.405646516559957
-0.611817855235133,-0.4088758539707755,-0.4851593634969138,0.4598677543628382,0.8007384799788968,0.6349530206460574,0.11657882035228329,0.9469416807996527,-0.37974809002231136,1,2.2522062335609503,2.425056740145699,2.9944362373104245
0.8119668660950909,-0.07614288918589995,0.2001806148755525,-0.10293934712175457,-0.6886580593835765,0.8659819263535296,-0.23686681277187072,0.4451980243619653,-0.26190018397291803,2,4.705410657188938,2.6388702378368896,3.655912549452072
-0.16175317657002997,-0.07014728646433155,-0.7935174438087356,0.2878118646473926,-0.3318935770668239,-0.6389375133938411,-0.9126450228137473,-0.18746345271638631,0.8640876215508204,1,3.033550302425489,3.7504382961995057,3.2354360399578144
0.36557827263307074,0.17865872853802145,0.5476088818726583,0.03893465857268508,0.5802397595591147,-0.6911460083164076,-0.5479935380094196,0.3799902634060124,-0.8729024809856942,3,3.2994979631289767,3.278752473240041,3.4743690489576204
0.4921567085697027,0.2984062315389575,-0.18286633241960537,-0.7685568780708385,-0.9238618548733191,-0.6478485823342002,0.6562481548209618,-0.31656672243915884,0.7723615302944389,0,3.7001731278347574,2.5022859816907697,3.621186376674529
-0.2361001899618278,-0.8031251222380438,0.3067809337592473,-0.8722563265371845,-0.16400153503921833,0.95473409593687,-0.0794123815110237,-0.4889237471000296,-0.028278526740641574,3,2.543906350591644,2.9399088932933,3.321607457052635
0.8115098082059984,-0.9944719442544208,-0.9187392810495234,0.4926336990302358,0.10229393376621987,-0.7657256974227271,-0.9686832276557176,0.6165027557256366,0.06293753735916363,1,4.0672308554680665,3.7602184475907126,3.962856654823255
0.622606996109301,0.9922353072832828,0.147260019489446,0.11141963823212775,0.234202944926865,-0.09087619129025004,0.1280797519598349,0.1583693663708441,0.9283020785353577,3,3.6686094366567836,3.222201596904029,3.9192725050483337
-0.1516719609165207,0.011795065536666094,0.4316814222993155,-0.43238262520280624,0.5849969921917679,-0.1115962290994621,0.8143358092642983,0.11766654270577948,-0.09213605618391618,3,2.468130918612615,3.0812082602789195,3.310800528054662
-0.3385394504662793,-0.6219533444057848,-0.848227259662266,0.9777811391853535,-0.9735186094775976,-0.3235310120121566,-0.2552554687882487,0.09977894724772507,0.39270379063534633,1,3.575130144338782,3.4681707583543724,3.59640874005982
0.44380095023597965,0.4599317498840534,0.5354119868752081,-0.2400041433255622,0.516182653068691,0.35708404597644905,-0.8182266063796331,-0.6140241154142703,0.016601633911332403,2,4.255381245603024,2.589462305534505,3.8112182414026248
0.47263832969818775,0.4718895851860516,-0.8580434829594947,-0.22958790136205565,0.31355836360048395,-0.3152400960442274,-0.5286472614985878,-0.645300198722883,-0.3860020352768714,3,3.2014512864430142,3.1382873360381973,3.778394789965147
0.4847531396837128,-0.6415094959892587,-0.9006128348522644,0.6295282980474026,-0.2747533475044839,0.7779807242201762,0.05550814382546165,-0.08192989211005686,0.943988229484569,3,3.967193396186069,3.1028292013030097,3.997219734483459
-0.8995225576330543,-0.008099594284331824,-0.8556862784358819,0.37457470962989037,-0.9531970428713767,-0.7683075486417505,0.606900295802441,-0.9261253766686741,0.9334049833663702,1,2.438517910743026,2.0779153770653487,3.0574268393190054
-0.3687205635909243,0.32867474965054133,0.06175538974634143,-0.0408057917461655,0.13257596867638388,-0.39720685474443207,0.6551783135108018,-0.09094779894214322,-0.24348972568604843,1,2.54409029569721,2.9957923767838532,2.5749946771326764
0.7863259072448394,0.6999240319357818,0.35799308959468923,0.568154836922496,0.14634122708945396,0.874604776549601,0.5155827554504411,0.2822163666241102,0.5413481620113716,3,3.8758306439196346,3.62198499639149,4.197435046983719
-0.5741632106564647,0.11707297217067048,0.24669380596236112,-0.3003906159933878,0.14116619924689533,-0.597768485493178,-0.6997258768603476,-0.9511876287570107,0.4213560446187232,2,2.7311495617615753,2.9194899564740227,2.656260733199841
-0.8773989680171945,-0.5816884255560084,-0.9666995786540431,-0.3125645722338015,-0.8700735553789005,0.6514792268272906,0.5011178913643788,-0.978732305728065,0.30859784025285575,2,2.938436594160141,3.009739449652533,2.287758325924968
0.3517421344794396,-0.7694797784653373,-0.7913808176588504,0.87111733169806,-0.41638157172899426,0.6838684914758717,-0.6155873887928893,0.3956402771412266,-0.5351964351724356,1,4.404052056432231,2.483576307738723,3.54753425603896
0.9739116771925893,-0.7894122910673347,-0.8050772960447792,0.07580814781970013,-0.5965360918734466,-0.05242335151659416,0.7572552497911373,0.5275526359925271,-0.9199188709412678,1,4.130254622669162,2.5411472892076805,4.043470240684576
0.8912234387100253,-0.9736376082097107,-0.12395341839022733,0.45289578333082026,0.9851108195678786,0.8523059742294321,-0.24633362531943392,0.8963310039514227,0.32725767889705537,0,3.374678887961548,2.793394428735677,3.9637716312286635
0.43652049446927665,-0.12164213392869172,0.07376894614495288,-0.7444649431175014,-0.29111095735566916,0.2996433528979747,-0.41134977730492195,-0.32516513374109457,-0.8041633872225546,0,3.48727506029196,3.004177954913683,3.2570928741572573
-0.019141138112384715,-0.00966287964293433,0.2816363380562583,0.46458435763610995,0.22072830126292065,-0.9764049487880688,-0.3427187460876677,-0.2828577831638124,-0.14617037032705205,1,3.135651347854164,3.592976953910458,2.7996310151487314
0.7869784220638796,-0.6325634735242143,-0.3699699959253653,0.9261452431765873,-0.11153699308139653,-0.6571574018214965,-0.5241729207105197,-0.6868241989350208,0.24809438662745853,1,4.477050509319718,3.112933101851227,4.0154543919900085
-0.15731383401336485,-0.7697923890111447,-0.5660878977155366,0.9928308763228095,-0.06495926459411105,-0.6827692737156561,-0.8788617764553632,-0.10519187469386959,0.528820472334016,2,3.9923328800963933,4.130951936801558,3.5430512048496903
0.5252524295491416,0.01235801476645082,0.7524439662078068,0.7114943754154506,0.3217682197957279,0.5408103528243529,-0.7086665312357221,-0.07388420782948946,-0.14931343244470852,2,4.430292103134375,2.9307431500148917,3.785666776737508
0.27875071111181327,-0.25009242093737316,-0.9520033541026944,0.49356762306492175,0.8740091729393762,0.15918713157712894,-0.8360660705748681,0.07702732477779772,-0.9277357713283734,1,3.63330621159805,3.084653008219694,3.6907507470329013
-0.0995360144289894,0.3709868052368286,-0.7352351346418793,0.5300572681039755,-0.7305445238729245,0.18819640966544715,-0.7054598857186947,0.9807121140483568,-0.7028659322167783,0,2.4531703327928063,2.4330707579900652,2.935568596877386
0.9829921674937869,-0.2718739368145533,0.23477358428210748,0.8911765137411549,0.062229853887421305,0.19818441513683416,0.35899864875422804,-0.3670714334888956,-0.9123006325865284,0,3.8111995700391086,3.1947950924406583,3.8152925242166256
0.6824058647710227,0.5008638230242055,-0.014160636859730014,-0.11197543729315917,0.2344048389611404,-0.9387519344548825,0.3805491831405645,-0.5067248419057626,-0.34489505838005163,0,3.4103461512773774,2.779768416490302,3.2986882739866488
-0.14330873355070706,0.42209571506642773,0.4398595615038492,0.23916101909494958,0.060021330646401694,0.4345098571720498,0.3681516269375811,0.572804069700241,-0.8719656683001891,2,3.460062645037434,2.8856477724891074,3.035756839452063
-0.39220542254464497,0.6839529366467143,0.6051409929420899,-0.11511349409788751,0.9568339813902025,-0.7149967417355907,0.6239590063729294,0.0478222519116307,0.07438929820549167,2,2.9860569552607252,2.710293212472519,2.6322321973096146
-0.29060965914540704,0.47630166425311593,0.8057884770602106,0.9196856449362323,-0.18425432304376055,-0.8463688945794583,0.8244362991305345,0.09505159177399292,-0.9544485287157172,1,3.306191387456506,2.397112629685426,2.802692873242919
-0.39722886027573057,-0.22061523645251424,0.20405031519745398,0.9584539001980468,-0.8591383344560641,0.36787565118074506,-0.6208825443928716,0.7086671141896472,0.10654622978630979,3,2.683485571189211,2.710363447051126,2.90649854106121
-0.16156474068241922,-0.2354503866319817,0.08412602276008552,0.024004458404439655,0.689474212024112,-0.7858827893796476,-0.7137867845115771,-0.6859943728084126,0.1933809278817349,3,2.341396001828696,3.2549796315061017,2.8760564215682938
-0.04584024180031876,0.4207856728364303,-0.18451947764664545,0.0812019396293302,0.3098851158842393,-0.8930439905172523,0.7556028896637637,0.7304003077843944,0.06726248918214406,1,2.9352509077178945,2.056298615460704,2.7453313695907537
0.8555333646781322,-0.34418579278511885,0.2676857767045149,-0.4906624028103277,-0.4266412160707851,-0.08118357057152048,-0.9742004469194374,0.40334064892197197,-0.25092684199712,3,3.9729086636627464,2.9856790111666993,4.267959170570242
-0.8332929605506338,-0.3762585460300347,0.015548017704405837,0.31309280363482017,-0.1541940562897839,-0.5349349442583102,0.6831449318805114,0.7459432789494085,-0.23512755457624568,2,2.6340150429991285,2.211336175456219,2.4999610760425663
0.08965413892487595,0.6947721932057112,0.6808695384631953,-0.5610086060837034,0.6418745763645493,0.8080592346639084,-0.6841132467603159,0.10629797014870856,-0.7415708925517068,2,4.00595484961292,2.5409354549378254,3.8188269964214303
-0.8722177636569024,-0.6022748033597298,-0.9438111871137151,-0.451501226164561,0.3977626282753932,-0.4469754213562349,-0.7866913057172895,0.7352743056990996,-0.1254691971402364,1,2.2656283761254676,3.03977707188101,2.1899536882783557
-0.8368802260044812,0.5763196818832599,-0.48200669109814687,0.125650826942882,0.17055995229187837,0.8233773720585627,0.39505648626237977,0.19819269895407743,-0.16601522880362052,2,2.5156323769667948,3.7258612148828942,2.6805333336186443
0.7716280282758159,0.2618643950875579,-0.8752602315878322,0.8169052464760724,0.8283685908857148,0.3515494054608943,0.30173837760403144,0.1770750821218976,0.22182870642050245,2,4.48020664066241,3.6906305048744206,4.472094696658045
0.9756367344287107,0.1373141295754028,-0.7256789986431549,-0.48865757752908445,0.7052638851535369,0.7491377320350452,0.42427983932985525,-0.6342114846994136,0.8454062544209942,0,3.4572266516096737,3.100492160200564,4.042242231656149
-0.7751010542333492,-0.8041825769241444,0.0513991255999684,0.5251719628970897,-0.7332857736199521,-0.25075005118935456,-0.6835968266025458,0.6563966258508203,0.2534054489722395,1,2.453968415381877,3.266855162856526,2.499615384301447
-0.28392177786538864,0.26512857598950723,-0.22392507451017707,-0.3363935223357646,0.19329219997190705,-0.17254436133815831,-0.7212796775512509,-0.7792488396814297,-0.557172351340814,1,2.6356099035796734,3.017028858068799,2.669918920931097
-0.15383783260641204,-0.26474458560266223,-0.8020504348718405,-0.06622595928239994,0.7510286967293103,-0.5888143748897483,-0.7075988941713058,-0.23359292933821085,0.11344907686161743,3,2.5222526421921017,3.484424412868356,3.0424132835836843
0.7806019037348473,-0.5265713503610259,-0.1497761699569864,0.7059279207783713,0.43039141957942206,-0.23003102158210265,-0.19874681827496277,0.8704573277257681,0.3932479358946013,1,4.200541062927552,2.8807962265015594,3.758319523171788
-0.6015199242498541,-0.27782678946594586,-0.9790908231044775,0.29208222558046715,-0.8707820211966208,-0.9476702530462742,-0.13571510670399367,0.8804767605633865,-0.5421151002506375,3,2.3267450432040593,2.7884274953650783,3.5311327495980818
0.5669607454305932,-0.5918660765493624,0.9633051537001243,0.009003379299915126,0.022034877453937174,-0.8037349810565209,-0.04978636998339714,0.29472544932079825,-0.9836379088556912,2,4.030701539271523,3.0552736925733797,3.8252409807422105
0.4211883661653606,-0.48250412080524496,0.6507489118734726,-0.7059888005434312,-0.9686473413271648,-0.2510246290551219,-0.8045798695437834,0.9584540057909725,-0.945852484943376,2,4.414878849513068,2.4277977549733505,4.018411365782976
-0.14396164248155974,0.9216647830386788,0.752614476273811,0.5699807157119521,-0.34486703916508255,-0.8407453483752925,0.06050522354702759,0.12330062435975475,-0.12373866260887212,3,3.3051653673947836,3.147695768478998,3.3926928930415268
0.49312330557114925,-0.3227515289953984,0.3398888681309511,-0.9341613975810583,0.39695007795608417,-0.5726969226734895,0.01049897925174137,-0.5084731706815477,0.9724777909459941,0,3.4382336225328682,2.800229769405244,3.354939517589681
-0.8386274863704308,-0.3854024949704784,0.21008121552793013,0.3930966321707592,-0.9619277375328799,0.2710473506480813,-0.4778116588445147,0.6135850990114984,0.298660501758659,0,1.8477925531307886,3.0360040293278074,1.860022063792915
-0.612575912569165,0.8828628540159305,-0.6295505706274003,-0.1304743356093092,-0.036997192415813895,0.027632539604970807,0.01525614856730595,-0.05746796144428701,-0.09514224737959509,2,2.5687985212657445,3.4122749803634824,2.670441417099497
0.2645075679312998,0.426121098401929,-0.15516236533974204,-0.41421378365477834,-0.3528869758843183,-0.27256007062064747,0.03498623091023623,-0.07631911145610037,0.8515670302497387,1,3.68471221957754,3.1514338327701585,3.3066900023760373
-0.5634910988718105,0.9773289148511617,0.08434463552178251,-0.25806415146690154,0.27685471257916894,-0.7414206884184624,0.9983818814370262,-0.1468176559864065,0.33485560265961944,2,2.72577325719133,2.2877155858108056,2.511630143783097
-0.8099166238563693,0.8755586247969886,0.40647565664380947,-0.43183123487095076,-0.38361780419794855,0.5045644705615497,-0.9288164261268479,-0.4205724506946724,-0.011420082932378284,1,2.4235555445066743,2.662669886146914,2.403432752724833
0.8831164428988276,0.5351483031301656,0.482684317156179,0.3287756381090807,-0.32148925492322245,-0.05529157898832637,0.570817341594527,-0.3248217724605209,-0.7416330937280899,0,3.6588149862588226,3.030656983359231,3.6691947582761957
-0.8402450721376153,-0.5743645892724412,-0.9229675988207153,0.507080014130534,0.14300283943325276,-0.6191105686511729,0.31564138986097423,-0.41730996263277054,-0.8798906195468263,0,1.76044723322691,2.9355358240800573,2.674630158706022
-0.5176436642990789,-0.2615173289693278,-0.12359099627310166,0.5875518191617344,-0.20572206824149375,0.5923824756121236,-0.8722552525383225,-0.9080612548402778,-0.8549405485282173,3,2.218252013878949,2.396382358934906,2.9206528520705826
-0.32765066953705535,-0.4318032564063212,0.7946773759642398,0.1402763888407048,-0.3478950514112267,0.4486202647076365,-0.33683303193263514,0.10765568706216744,0.336888723051348,1,2.5049034944210553,3.1569777335669658,2.661779929363733
0.5961275983384091,0.9147514445855409,0.34417504068571003,-0.04252590639909548,0.4521498177428869,0.8235044728733474,0.33718295530218967,0.6391951142709131,0.48352883729542606,0,3.391288666553647,3.223861338648702,3.6326258305978447
0.36651720910237673,0.5048189647903916,0.11886045169137649,-0.37902666693006437,-0.047048448700854895,-0.6503520500034732,0.35692740684765556,-0.98882835728872,-0.8020462162177191,3,3.483876992133665,2.536923772629667,3.749168524555498
-0.7617315269887968,0.41087275496644593,-0.22433629308419945,0.09192343386197122,0.8244447679029399,-0.7466131359451653,0.8902489621254455,0.9882775055397024,-0.4202061374686856,0,1.3672018366899152,1.8897081590033822,1.83472158244024
-0.6428197036188295,0.12914196565096558,-0.13116051206736157,0.7171238422153348,0.08855872562986011,0.7133813109345946,0.4575900179542456,0.1638043042990185,0.18168363639151974,3,2.063786539242706,3.471833696343328,3.0433420862416884
0.21630285703436503,0.05578677115800579,0.15458974668256475,-0.7296305444317972,0.42865179150338784,0.6243248385695486,0.930799270157882,0.3865894519718638,-0.8650613917518115,1,3.5950767337493765,3.561366682591797,3.5077580351559523
0.01742219681108148,-0.14740818861299565,-0.5061136208966572,-0.4982996071427983,0.630382377377112,-0.8827851241332041,-0.5190744330395762,0.5970935164545317,-0.4876466781324289,3,2.818493600851827,3.2008207704733445,3.046034728474324
-0.43790814594907324,-0.07319445329469199,-0.9171816973092837,0.0381803564402281,0.6956354568439846,0.6387645399123567,0.1422851023030196,0.280091458841468,0.8378134430090507,1,2.3394953429599927,3.315633564931309,3.0924099873966995
-0.567147735977467,-0.4197959126783919,-0.8612801054598624,0.19364210998026676,-0.12413990852685619,-0.3436519346355389,-0.6476399303706213,0.7831689858453226,0.6870106732817747,0,1.9693384840051722,3.0712982379326594,2.6477058318265345
-0.9741700180435153,-0.7499667586864389,-0.5185306291048379,-0.08372541782706766,-0.4591603433868383,0.5971589873220939,0.8301543592550744,0.640465422146504,-0.20926830593495693,1,2.2926309175316826,3.4750533432513997,2.0536563321927472
0.8853532330441602,-0.3527099184625704,0.7863966252417964,0.7198787197436387,-0.6884617887371889,-0.6474672179515084,-0.9932312306144819,0.9989384175573506,0.5359468361685238,2,4.8624240698208085,3.3331793390741025,4.284796690490717
0.6992817663202153,-0.7087759442236503,-0.9806037990753693,-0.8851379398978645,-0.6398641119590649,-0.1622663407272522,0.012448824326235286,-0.8438584442312291,-0.37713640812348936,3,4.219079461158915,2.662273588356929,4.08912574796409
0.3942670399272312,0.04683164299272491,0.7242397497111674,0.7238192827255123,0.37382418160836606,-0.9356857928230196,0.0123120946522568,-0.2161564862927161,-0.8551959385055985,1,3.8821315782963928,3.318824993527318,3.1197974624672336
-0.10418473229108027,0.5038305885945169,-0.9992906852372903,0.4229461730485238,0.23839863692050667,0.7457211064998286,-0.2750366034102514,-0.32751274427604127,0.10002268018700833,1,2.6050754425367626,2.919893555485455,3.4210214943588526
-0.6168415190357541,-0.47573746994850286,-0.528737463722811,-0.73869850704116,-0.9388198468981657,0.9980246702571873,-0.3964773536630577,0.28707702387416334,0.19497443077865495,1,2.8261305262741137,2.9404082565284555,2.1882656597899692
0.4874290814852118,-0.45981264813840506,0.6673218206153169,0.5818351522871985,0.6963799725645554,-0.30577911581305317,-0.31787214915586914,-0.21363112737955303,-0.8013199601661065,1,3.645051525110607,3.48674860696853,3.290620200045347
-0.5302064812432428,-0.9017091132579957,0.0015553464754349822,-0.4194368130462043,-0.8438796710087249,-0.413756845723392,-0.43816839015923703,-0.2477563079426195,-0.3689130063502597,0,2.0376827011972956,3.367799217030113,2.5792742479875814
-0.8995135976771325,0.6309011415113428,-0.7626094401871906,0.9976063048204307,-0.7965290810480152,-0.007928448005583233,0.02569691689146647,0.7083613495502434,-0.5918855371385208,3,2.4058035101907804,2.842834710960535,3.5037215696022144
-0.4629870885760059,0.34606873607459177,-0.493397608351291,0.8184188287817198,-0.6524859676109089,0.9236444098424543,0.40812198434296953,-0.6569389567076667,-0.8564561405858124,3,2.399730551503053,3.4564573755617762,3.064733192728881
-0.34225530409860405,0.07482923522536677,0.5654969662698932,-0.9200479028110973,-0.5361532977321821,-0.16300422133950643,0.22948314282790916,-0.5996365459267048,-0.9929529588112003,2,3.4593438705909314,3.250722126950173,3.420094442604337
0.7918287548072911,0.3168859352052662,0.34979052821303647,0.5872206706477552,-0.6735080328192937,-0.22209611156195708,-0.28525097315214154,0.784373387191388,0.9112393643664802,1,4.429831401516245,2.9254339509130514,3.8597951189594917
-0.3147613182695421,0.10700921874906855,-0.9954841523999385,-0.9981471248339309,0.10931588288448624,-0.2550341614984206,0.5119967644741905,0.814428087556428,0.4061494365476075,1,2.8900836935259266,2.659020971516955,2.6409393933173297
0.32091895752919175,0.2683642055801918,-0.2968097992715697,-0.6379656392134705,-0.5280916385329197,-0.21219265442077262,0.9255683046327547,0.3462341170245491,0.1111832952985754,3,3.53788318618765,2.8919328612250332,3.742031701237953
-0.7606712059021625,-0.21864994483212952,-0.5535299806284415,-0.6042538720955337,0.18525690511367698,0.6134439127226441,-0.7972679884576037,-0.8166881759580085,-0.36593238519125215,2,2.7007803061140496,2.1006505910915934,2.5267839524917837
0.9150777401605361,0.551237611007722,-0.9245726244116406,-0.8135589635847409,-0.6987840670361993,-0.8840533998435982,-0.31808728135086883,-0.21178779353757404,-0.09501587242536091,2,4.868259454589603,3.577179083649308,4.345878351027801
-0.8375789574003056,0.18702878678645107,0.5506790129539625,-0.25192580600440295,-0.46473153052199057,0.7035505644491222,0.8359824225413528,-0.9880976725831012,-0.5660741362350998,3,1.9645719019600831,3.3212150533104356,2.650504752764467
0.0813347144879828,0.6377771535715802,-0.4762194174116734,-0.2142492348480589,0.6730439873606919,-0.8483736508510391,0.6613615804851443,0.8339276418799098,0.27287291026450466,1,2.8932877133769,2.1470185395172963,2.7613286027535495
-0.3886875286865048,0.7439355118321715,0.24787370315936164,0.20645383201147882,0.5917777320907913,-0.6874215946593543,-0.7849038388498351,0.7808388873037118,-0.6955624586446647,0,1.925965073596435,2.966637746640023,2.1575757407030838
-0.8610780282807504,-0.4292426106174321,-0.20254817284092463,-0.20247845012370913,-0.641874579728116,0.6040253978668024,0.9840183085112262,0.7412420046272039,0.7678455486908515,0,1.7403565860070873,3.515623461528185,1.7569794606419569
-0.6826348113728722,-0.766332599708687,-0.0016006240463724009,-0.9582952074881339,0.9043792861924511,0.520538496301149,0.9632482385082448,-0.8601796237184933,-0.868711101374553,3,1.9787180938459816,3.1772401581288956,3.3124746416511544
-0.4236607736440874,0.30496897224373676,-0.6182807615373747,0.15712239723317878,-0.31532257579145573,-0.7111912708029802,0.8033713306670671,-0.36465497800381663,0.36933186220703984,1,2.4724537696981064,2.4623562299974027,2.908153910611934
0.011802647131878174,-0.550499159647809,0.6134854949094848,0.5314747113932046,-0.07463518154126847,-0.719009677210418,0.9336698512370936,-0.33381190866398813,0.46727183390012006,2,3.4200071645142947,2.214159412788552,3.197409096278525
0.25520182388661117,-0.9524828733905435,-0.4995323143159127,-0.6308500585303465,-0.8680439681034846,-0.2893924148097675,-0.5798013715038282,0.4700635471303245,0.3513392860786242,1,4.233669886978201,3.2656777107076613,3.392950942554644
0.1331752296117914,0.8920969067763607,0.8155587487641505,-0.3716099663958967,0.8635153737109955,0.5178689007478658,-0.6541627383761881,0.1138516906418674,0.9939357674627753,2,4.105667373004222,2.942930209754125,3.8114379400890304
0.5797936567958428,0.25899320544559434,0.4556489348380395,-0.2727129387255116,-0.43153284275661896,0.7235241747074126,-0.31629333804479076,0.8686012949140847,0.9979460691161204,0,3.56589829712438,2.6521369898962317,3.22300862641893
0.4083020878609367,0.7931634921567869,-0.45018861355997664,0.6381567416191631,0.203411686062567,0.6550652532171328,0.07693946767025839,0.2600702607996248,0.07964979035154163,3,3.2888743991861524,3.2167087747822416,4.015674313678454
0.6124480929330021,0.3969083578510051,-0.5667417986021839,0.7569011262899987,-0.05633355469004142,0.791575668095478,-0.8845605138062502,-0.11170643804860636,-0.3738750418019601,2,4.52322707351572,2.453469793800962,3.963740661325442
-0.24568795982517488,0.15815903830756373,0.44433982949839756,-0.1691135750139976,-0.28157774996925466,0.31529201038456645,0.46211767423929806,0.006414919062097457,-0.5146685894561622,0,2.27677477088932,3.2466278017635855,2.585036104543771
0.03224849781462158,0.9308091624004462,0.5339208735000485,-0.5726584239388555,-0.33240538405450026,-0.2827373992882398,-0.3200628496268074,0.6921550885820147,-0.30841241093295935,1,3.785009559164152,2.829263924147391,3.316536509721808
-0.24318004446401953,-0.493493520571221,0.9313481297168262,0.3227169139825483,-0.5369115846071166,0.40987350764885755,0.16555379507382328,-0.2472936684978928,-0.38348458531871166,0,2.01661985279561,3.204536469520234,2.494845614915671
-0.9282673761586908,-0.8898496419021693,-0.399783889099647,0.1983607527696054,-0.045373412428984405,0.9437159929330661,-0.064568988410594,0.25061504789821787,0.7100860873472739,3,1.8633276083850558,3.157513171940707,2.6788605182381775
0.6891941875891971,0.42591368566464816,-0.59660635642081,-0.2936819710096539,0.46013677782716966,-0.6606309610262757,-0.0903323174736892,-0.4945270688344572,0.46028005868537236,3,3.5391036297837877,3.0160958643309996,3.807661994454028
0.634122332721144,0.57689466239664,-0.13428002812768902,-0.70605364771481,-0.5686832474942176,-0.4977024799739982,-0.5455364171156936,0.9162728987907525,-0.015809942743306937,1,4.316676435695378,2.7912055653582315,3.83050640305717
-0.7175353175861554,0.20571572674961636,0.15677714248948238,-0.3251572495390149,0.04938337879407584,0.35746602075565925,-0.5128719450975565,-0.37975086498627086,0.664427452658749,2,2.6448072668556213,2.744335537650038,2.601541910879969
0.6727494987069744,0.04372752122837498,0.2717190487794001,-0.04278838328956547,0.911255487324623,0.971859324404156,0.48046416813654047,-0.9936843552284849,-0.387291287624816,0,3.2368850052793166,3.177364498297354,3.699300319739449
-0.409811812184107,-0.849676616016174,0.8415936237229591,-0.6586724566802569,0.21670351979127722,-0.5971842576353152,-0.8249715468269767,0.6061859823283227,0.8246660854706263,2,2.6929428378456235,3.848911034584485,3.230574780265031
-0.24074974605314292,-0.22726797213380268,-0.0525414842810461,0.4544704847528329,-0.8404432244837337,0.49680308307840293,0.15283813790632728,0.5224766795844986,-0.6145799878346656,3,2.6932389422697507,2.9402145675060813,2.9044750816298985
-0.09058135111304999,0.5813278142628633,-0.02603134530828366,0.17171990154114636,0.9264817442064708,0.5206068517780358,0.6191792229322182,-0.47835633620895623,0.9712059458103519,0,2.1633684072242554,2.9990911526830404,2.9865301943513907
0.7762746857569089,0.27900358954670246,-0.9164796700260758,0.09663225441660783,-0.6202975401823849,-0.9367349098696929,-0.010303585326753462,-0.6689521214492089,-0.7401827111905723,2,4.6063000855391785,3.006658781468017,4.344784248425611
-0.9099462192903942,-0.8422156421727582,0.7772329366308643,-0.46616106596148144,0.6553738325342147,-0.762947174384861,-0.9335245053148982,-0.7690082693308564,-0.3266149735579089,1,2.1845306774573707,3.4714282388634636,2.489253422151779
-0.8675764824495797,0.967814062640467,0.766306441343003,0.5906784562615688,0.08175397830917541,-0.45431117032637114,-0.0297969316943707,-0.2606912977132356,-0.8052415492739722,2,2.879940966071013,3.4055638158647077,2.352573875468822
0.4947314468726358,0.840695775334998,0.6784795986086785,-0.6941470477005343,-0.7677577170429832,-0.5964673692319988,0.3512976678037647,-0.49808339715851946,0.4120518063458587,2,4.873431943571117,2.5593496914214104,4.1880350021885135
-0.24077179231726142,-0.06086117985241568,0.9244914029660407,0.4590683174225194,0.966614270898795,-0.4830913168411337,-0.21789901495915864,0.4232803110298158,-0.5581609231880589,0,1.943251244834878,2.9220123993076426,2.3369149179097564
-0.5076463192142022,-0.657591410550439,-0.08849707446085708,0.30516874537031446,-0.5798503520133458,-0.45635749768238787,-0.07802111374288856,0.8479744089919954,0.7034712808612116,1,2.5988429566328306,2.975616621296104,2.7244682346758813
0.5782547611774134,-0.5226089814424282,0.08467474199871994,-0.34848076716906506,-0.2987923011770104,0.19484364703866253,0.7352633168583724,-0.602553074546013,0.22764377135918612,2,4.479237278111321,3.016049200398242,3.6969561989070368
0.8691570608477048,-0.942997551862363,-0.9979070586281811,0.6284541081186532,0.33424856653696233,-0.7242155679808746,0.15634403395635132,0.8515573593390182,-0.7379524255196781,0,3.394915617577561,2.5587935061909435,3.7982475491338423
0.11557707351193591,0.8145214091477007,-0.06933901597446579,0.556340997360008,0.8945101739722625,0.16609270436817747,0.20311891269094495,-0.38599184307067635,0.4004323191571435,3,2.8354247729257183,3.043716241614127,3.6261993018049847
0.26593716239184984,-0.2586383492848259,0.2670227375240819,0.9184363768790922,0.1134052699038679,0.13089066779568115,0.13802473665713988,-0.5742403756919794,0.1423851914321692,2,4.203391477091638,2.9657104784330564,3.493715153521323
0.8050914967804514,0.9000387171427553,0.26359759675463335,0.4030425657757448,0.8239181174178172,-0.7435101790586105,-0.7784424396865817,0.34810863976333106,0.689372011150978,0,3.4007994632747436,3.7166983581699844,3.2783818590273692
0.6174141383894023,0.8696095796178189,-0.06663324042250118,0.47237582303499526,-0.10917782771968731,0.6007588204589973,-0.6609240191188697,-0.19542576230265696,0.5639329608064649,1,4.098614583518673,2.7023387742281466,3.56502489681993
0.4137212589405075,-0.41039622654801766,-0.44567645077376206,0.9652989441259943,-0.7645184495556838,-0.21901895437378394,-0.9526824082747265,0.35831671068849924,0.45439369476484925,3,4.068309224780245,3.261052282596447,4.164627637127323
0.09090320355341852,-0.06651610417672527,-0.3354162699707375,0.4082334851123932,0.5284438728543523,0.6275074294149576,0.4676952765897413,0.6700973054992088,0.13434239182950436,0,2.6477495485472295,3.091609429266278,3.208260988368905
-0.06680984472270945,0.3849745623252685,-0.41305365243311387,-0.5721706728123608,-0.6689227927106296,-0.1886640190657236,0.339774824803587,-0.14981020490817354,0.4936363487125155,0,2.5933446482909708,3.036644248194886,2.818800037181014
-0.8848928723132141,-0.5674147076593754,0.662434843001181,0.8068946054961761,-0.5116050261072107,0.8423313860558634,-0.8557481978751043,-0.3013987665877791,0.6401695828492082,3,2.1830836218593115,2.4669441951122355,2.2779813486966
0.7007545288891148,-0.6194543564052293,0.9260441269241515,0.2762376740206165,-0.4350595867869571,0.1774157654810431,0.642380336649762,0.651198682772173,-0.718592552487449,1,3.9541055481737533,2.706180790863275,3.6557377558311073
0.9291529669103271,0.8439378007838418,0.8789379253527456,-0.7403333748030727,-0.9529182632480273,0.21714597013803805,-0.9326440796488789,-0.5352685500920837,0.5729814190406526,0,3.804165667774165,2.443429701825758,3.869281130160446
-0.6763600994462364,0.5190644870786001,-0.2554797752036726,0.9547776494952991,-0.4891268718348465,-0.7364142143229138,-0.36471262628668777,0.35709199785496404,0.6862573265391152,0,2.0405131795651528,3.3983296673408003,2.88862458086763
0.416537751589523,-0.9787645443096802,0.508027246136461,0.7362222455751763,0.6115773285559247,-0.7711827580030224,0.9163427382034157,0.29741930878104794,0.9372397880292318,3,3.142179946397018,2.6309733577061687,3.4635592473336194
0.9095183673792238,0.3863032625925542,0.6165414396083566,-0.7111067745115798,0.502118841004995,-0.28313954441453304,0.5311100408719513,0.5569336796772422,0.43402142701172,1,4.187722202664434,3.0306814489141924,3.975836871895937
-0.7936837148863438,-0.8838892854107632,-0.6072875815729528,-0.8348149585671054,-0.5565823093355402,0.20201537971117745,-0.9639211777006056,0.37333103315437577,0.19371983322338115,2,3.1375600944835877,3.110197335418736,2.3619930167380794
-0.9871917322506885,-0.07913967397317068,-0.7954612794897427,0.6756099813831491,0.11278445241228785,-0.9755635144641137,-0.8859641372830334,0.5077493820351509,-0.1555749004717899,1,2.2831888958517963,3.8974730575131593,2.837257882604822
0.21632940139929735,0.5430663384802545,0.9810327784427253,-0.02282506851941446,-0.74914555529053,-0.9389284244854614,-0.452273134312132,0.1945138539344906,0.37323054719089077,3,3.7006125488158093,3.5382739281031284,4.016220554410753
0.07360884392726441,-0.40794421018893634,-0.32024885227356314,-0.9961150175914293,-0.32429522761667884,0.943259211791647,0.24263783719028265,0.19038884581934612,0.473419286872127,2,4.205996295772099,3.704995839031714,3.1045000954104487
0.9107139540880138,0.19084094438074284,0.8930877919246001,-0.0842520124292303,-0.3896847531133718,-0.41876025871268663,0.8108105818471485,-0.5385865146428881,-0.5163623927209149,0,3.64344107603642,2.672943283137474,3.921724084914678
-0.8629589137753919,-0.06722724653246814,-0.40368080916061233,-0.6888003167642627,0.5447612137815143,0.9445196289607978,0.3363311523421859,0.4440316820898442,-0.09051146229039086,1,2.1877276503569263,3.2862477322411046,2.5230312545583007
-0.6050290812209158,-0.05181635619533265,-0.5767674080862994,0.5287582673133913,-0.21675872468928925,-0.8377291508580502,0.777489484789917,0.15678702528568844,0.5700309977733726,0,1.8580752692517517,2.6817906967926177,2.7558618775766335
-0.3013044660923325,-0.6377043881914364,0.5934308305197296,0.14475329688398375,-0.28395632717408215,-0.5136684750846343,0.88672120499467,0.512985088922002,-0.4406743792582093,2,2.9006216670859972,2.3139502908339096,3.0214523429828404
-0.8450710777104797,0.31973547366492916,0.633372716241505,-0.9052927284346912,0.9052382882656032,-0.2222600737896374,0.7470543186910961,0.946432272823232,0.2031579182723462,1,2.2540776710176824,2.2381619688843872,2.8499219877922104
-0.2026006606568831,-0.6063108638009596,0.607568075601044,0.5635192668985007,-0.6250801093229064,0.11125651343796195,-0.41639009452159326,-0.19220048783439414,0.8455085611970983,1,2.8209235673073905,3.0765714913029454,2.717362844113826
0.016556368588016346,-0.077683220535395,-0.7112618876654746,-0.8669055373279988,-0.5065097778306504,0.12146295698184928,-0.4019874234827512,-0.08293124817662156,-0.27699698475821566,3,3.261946487348543,3.158906111210085,3.299932890345565
0.4168236691526628,-0.34553128765770125,-0.17194517422902988,0.8107658093463481,-0.8542142635665328,0.14385821574808189,-0.05182795046882216,-0.45516034195058785,0.3820041072096476,2,4.679734299281421,2.903651877896501,3.6203020080429003
0.4862023907015227,0.9479480683312991,-0.08984472619650719,0.14465307429749918,0.03325168042021054,0.6682901772670353,0.6315724538279703,-0.3620585100248306,0.2663197133504187,1,3.836778422600536,3.5537052798005435,3.466209293642383
0.017772996222728654,-0.4471923612638058,0.9186385362296217,0.3594477025046192,-0.27269057607334424,0.6946936803222752,-0.7397478762277387,-0.13702188253804937,-0.21855426201600126,1,2.969371298443378,2.721338382373676,2.9142668120600073
0.07824823235919798,-0.35552423514679754,0.8345432700745103,-0.03935493921732203,0.9504903863375407,-0.018836098609844365,-0.8604028194045179,0.5987531272477533,-0.948627427525554,2,3.208770405877286,2.6518910913767755,3.3638374547420997
-0.08321089805784898,-0.18847518281291253,-0.6151156745417465,0.3445541202959248,0.20715620640268329,0.49230495389829443,0.3343350765497495,-0.7391907850174606,0.8899428481303178,0,2.491070054033263,2.7315362068880726,2.98889100892742
0.5251423236437163,-0.25769848860964295,0.3123026871967214,-0.09955062487764144,-0.0023483016721281835,0.32460346422597985,-0.7753136700787446,-0.5464892900845244,-0.813353882999035,2,4.2908779245845174,2.9189499888655814,3.685520573903322
0.21639740630942095,0.9422144234305707,-0.24762745109014261,0.7050348324259745,-0.23602537015665104,0.9490571102694518,-0.16248568398204855,0.7827543764271878,-0.8398858628970058,0,2.963213060393536,2.465931650478107,3.0046773129509736
-0.053490283279912676,-0.26054196524581297,0.4084936500662064,0.8778102619622079,-0.043647144039639096,-0.1282589034730932,-0.7969236521323344,-0.6871854549937899,-0.4585113820763731,0,2.655435730648684,2.9879142304013375,2.788882178847233
-0.3149182092280409,0.22902612151919644,0.698540627420289,0.32678334746871673,0.6602574809271329,0.013684966424073908,0.6606851903869084,-0.20555369654387556,-0.022603991015169633,0,2.0261118688421176,3.0603459693256374,2.5305583007598487
0.4220622072357336,0.7323137343079189,0.6370136297431721,-0.3941088559149808,0.5514064625583306,0.016655968277136557,-0.9187258244955381,0.17563248440217238,-0.20405733143462523,2,4.35346182494638,3.3680640285934373,3.7378045601732284
0.9679497104195485,0.35009787667056314,-0.28014571246725684,0.24117739408037187,0.3969949977100855,-0.130556835884738,0.012769934346058776,-0.004220143135925447,-0.046992521719813274,2,4.471102527132397,3.5012084473549776,4.092684417941941
-0.790950666277763,0.014806838015645862,-0.020689270952124694,0.49975502535714833,0.957136580481627,-0.5637366140323046,0.7213471264263114,-0.42550991691205664,0.9959766591590509,1,2.023545085079615,2.181777886564623,2.0855929497393952
0.5464274229915804,0.7182950532698453,0.5314978458215134,0.7013707277965051,-0.2611687345697642,-0.09433487924415696,0.44953575171246896,0.985043357364823,-0.4384668180186757,2,4.731396475959246,2.246930053341119,3.702919045734347
-0.859778709953976,0.8030033503497027,-0.7361044409602842,0.46543253235547266,0.7413159615537561,-0.5402941651469706,-0.3241943150497397,0.025143693679723356,-0.9281016063059726,0,1.5059046565764673,3.048237928518576,2.326251475222378
-0.9586665046395033,0.6377519606867343,0.7194048838231588,-0.41200107354638527,0.9696172788549642,-0.8961616749969814,0.5105186074791979,0.3415775674674031,0.24840775430653572,0,1.4140963741335617,2.502572326751299,2.258558741390578
-0.31226764214740843,0.270853180000439,0.26128783437712144,-0.87166794726687,-0.37317529611463507,-0.92526763892977,-0.2776530489057434,0.6532145317520515,0.3941626568101524,1,3.0525644780943284,3.2908284268227597,3.227722875998906
0.39659583547364474,-0.21922129683723068,-0.6476771689851963,-0.2786616528776269,0.9355983264947194,0.043851376163835276,0.6472366601360986,0.35504495461494034,-0.13337242432238083,3,3.3020822639463887,3.1822001245482303,3.7666029710041258
-0.28413059039302957,-0.9020981141070861,0.8752800150273288,-0.7279621063900188,0.5127094782153017,-0.43106698897797857,0.4473066306689195,0.272302173701817,-0.17077065413822545,3,1.9595222131602819,2.8994059505806575,3.480359505285978
0.8500144661491804,-0.3126769886830971,0.3704058036773261,0.7690548728840323,-0.6080814055688,0.18208647325851834,0.2563993633479491,-0.7958229668922028,-0.6396212480624222,3,4.135266054133843,2.7947510487725937,4.099450751025566
0.623224673690083,0.27481345182835226,-0.8127468549843029,0.5987754904938605,-0.7439100741035993,-0.9012289461137633,0.2661387734805791,-0.5124403065786742,-0.21322291816414984,2,4.6327114215719565,2.688816528999207,4.336834147242203
0.8218014695111293,0.26476936215294766,-0.8991223384584912,0.7249172860221464,-0.44538140634454426,-0.8392902646486995,0.4126576182148127,0.8368063439952549,-0.5040902246582304,0,3.7796876071184187,2.265868606573267,4.169087325137943
-0.9305848679177864,-0.9068516821533286,0.06986598010525213,0.9122679054283966,0.8968323288043252,0.35360527217423954,-0.017121771822402376,0.9746897750770802,0.9899086285323693,2,2.6189876030646912,2.595588697218287,2.8937304507584805
-0.9432335650951713,0.5177557620199325,0.5146817287247194,0.4702805889677266,0.4152012239351386,0.13611687018883534,0.201192733016069,-0.4952409262555766,0.060060522901159485,1,2.1398498946064595,2.945395761262378,2.1741503690005133
0.5807624777709293,-0.24186442265532926,0.04365475849355116,0.40249031338704366,0.929201721277203,-0.4119210455437612,0.9376702627556117,0.2915633713758512,0.8425174432658027,2,4.204254930862729,3.0153754628216802,3.488575785589472
0.16705545358300822,-0.7383796983429884,-0.4558870547102065,0.6864236500442513,-0.40492820349672765,-0.11127021733057507,0.32430856682831344,0.3755971148481294,0.9154472023572089,1,3.9416320476214195,3.2195187124745,3.4050460396404247
0.13889812529001233,0.8548248320649494,-0.03234820812265404,0.2668193758523336,0.17306860784111056,-0.6678694842387818,-0.08583233324288964,-0.3929413702981226,-0.05009462487781802,2,3.7440256499592692,3.2914023632171823,3.212600726269072
0.930944824909778,0.34546540077046695,-0.438801095266637,-0.0707777306859867,-0.4119899731824088,-0.36460890609787344,0.6174285283946628,0.6639474764715305,-0.06726627038769051,0,3.6487657629311707,2.5587973157859016,3.827772246600451
0.6635635728277798,-0.7685612201638405,-0.5958737329412307,-0.03395421599714088,0.5732779545452709,0.8648938660384711,0.6278028777615721,-0.9531155551376047,-0.9036909435131566,0,3.4041695639992535,3.307791374911741,3.76589255961069
-0.6914480779187686,0.37796204574484893,0.5433970714375518,0.487525529165858,-0.48596292457633794,0.9834274697310479,0.859136879623376,-0.668521149095274,-0.6332870453717041,2,2.907233574524975,4.305160640678503,2.22131827359477
-0.2819154762916227,0.12650835691271034,0.7170329166471654,0.44977046215451133,0.700762594091598,0.7113010919848493,-0.005076952452391481,-0.8232040711205817,-0.47635395591067287,2,3.050042620023783,2.773403838815122,3.1785955139204836
0.4707523692334452,0.66715417840151,-0.05416470619896052,-0.31442317816443865,-0.70598156745847,-0.490259641986587,-0.0065321954213759525,0.3337407081542416,-0.6867060580277122,2,4.4582152345162935,2.971469706590987,3.8449143294907526
0.5212189929463076,0.7679404836055796,0.1254424992569101,-0.6469284708289005,0.42435840714464224,0.2640050248473764,-0.58823184256684,-0.525821550245974,-0.7829422185079857,2,4.411378498880159,3.115319816250706,3.8320863109010057
0.7162061297349542,0.9116829707296481,-0.8079723333705973,0.8486246807561093,-0.8500992251818968,0.6311859831558364,-0.8366234684255947,-0.020276288107747176,-0.49017242777039316,0,3.602319022247631,2.57878969181123,3.559988862670411
0.6527382406077513,-0.7830552620907802,0.5349694763206561,0.7127585539297452,-0.14453983690880778,0.10001192033512218,0.2100159034596687,0.8070924605598047,-0.07179928923673407,2,4.4633213269052225,2.6557152285343375,3.778709729218169
-0.05397682026800199,-0.9478859162171398,0.34549827781845943,-0.8002496366379321,-0.8872931643526762,0.0384964065494553,0.5126957036585591,-0.8396923601897819,0.8519250220667596,3,2.8995404246523564,2.5427050584738393,3.529783147476295
0.250049252913805,-0.9711522577243707,-0.9539019581326655,0.6743484054239948,0.8098671449642685,-0.0374336124026855,-0.5744346323082847,0.6163689829054868,0.7442966205849288,2,4.425952053262601,3.2527779898454905,3.807658196788343
0.4445207242015483,0.6619622747816116,0.2880867931971052,-0.9600530589760337,0.8308487698717557,-0.3285643298932295,-0.8335563334968488,-0.12145295500726871,-0.6475158336776738,1,4.053310280975288,3.684958986230575,3.4560792596812
0.12418191548114321,-0.5994142652924379,0.019430549308372846,0.9881550277562539,0.8356550900305872,-0.7838548694904701,-0.6306847163052673,0.7628067096713425,-0.6418373679523632,3,3.133268846977432,3.079382651834935,3.3305259727000305
0.6087392361267912,0.29859950428928705,0.5737534402897444,0.3095078245602474,-0.2480475663165489,0.8098212981072226,0.19181825301689281,0.24531950931826985,-0.623205166741839,0,3.567036105560512,3.0849264589055156,3.2476820744987775
0.1658850093285713,-0.04934023471390181,-0.9561413837527102,-0.15090883458808113,0.560106993251908,-0.21784681124030136,0.8843903366207138,-0.26725420146151757,-0.4877790259891648,3,2.982268946112993,3.0373033737407247,3.522371264018829
-0.30737441912974295,-0.43650559150577517,-0.6302103423152863,0.5214343771569585,-0.5124776762124865,-0.11878374024447025,0.7754625784151259,0.6513356678419244,0.6130456512567966,1,3.075408765205546,2.9778385360387234,3.058149320070764
-0.6707495745032508,0.23930335405779246,0.9177945086028303,-0.5730659493660233,-0.9547807757137081,0.3166235478208348,0.536211879301461,0.29108282775213135,0.2904567418450239,3,2.3318332434452764,3.47470053124433,3.1720454021518707
0.9133949128358738,0.1845334541478003,0.5780046286667364,-0.8508287234498999,0.5116947287512275,-0.5534510802664017,0.6670352259216452,-0.5718640529597836,0.07381031124112059,0,3.6731805907849866,2.7294706258485504,3.741668957908995
0.8073253501543165,-0.6739746012911851,-0.1622083273958621,0.5468778876229379,0.5773192190824765,0.9011758747432357,0.7469915543550354,0.8754445300821594,0.7186591986204753,3,3.7542052816335802,3.5531307836139043,4.475499130423053
-0.7506822033153004,-0.8900304930366858,0.25084038359801575,0.14217315255216012,0.8914266957399377,0.45238813303329617,-0.606041038236476,0.7132633348401145,0.1920464489198448,3,1.5909421237750385,2.4331708267248713,2.889691153359741
0.5502688607690642,0.43647345472658494,0.5051917111181501,0.912839187482487,0.788000715791743,0.8848124039875496,0.7773559477423075,0.4599456275289806,-0.5880467246314347,2,4.541170092319467,3.961266257436759,4.005504720093124
0.6960327465710596,0.5637663431538031,-0.26931753245496903,-0.6360607753767626,-0.7880626702830413,-0.18546853881228476,0.8659960295625004,0.2922201390479704,0.9663756903149581,1,4.361845462577227,2.980210284922579,3.7744738639747304
-0.02263206230622128,0.8446351591617149,-0.9596207917285566,0.7398301944263184,-0.8341421521614214,0.5147405637576541,0.3204684424979294,-0.8541057286568852,-0.3242361188827547,3,2.5659658131778817,2.907234708947977,3.5908263830742446
0.23982949144513221,-0.3663132005066352,-0.7002091362010876,0.8882015814124367,0.4479969623983706,0.7611033364605588,-0.21535510136559743,0.4969214363521499,-0.7113198235294189,2,4.289364078466792,2.6364195537424564,4.02958438806235
0.4678863988792805,-0.8043829127375999,-0.46829144264825917,-0.8423454860480442,-0.9665595206781297,0.22045672487426615,-0.18800340969437124,-0.7004695480559071,-0.8788933546541402,0,3.929711878557269,2.8343001720093794,3.1133249156309883
-0.6793917898947879,0.45628734916972813,-0.9578036241628025,0.3800085569578542,-0.32228507847031285,0.6990074070940466,-0.8688751960857704,0.3654747527769855,0.954704900714705,0,1.6833041867953498,2.7277449874623003,2.5737761984584324
-0.5172132313803974,0.8874875543042,0.9080732346366593,0.4541359859251235,-0.4640305905816897,-0.4989220695916792,0.2652698404276683,0.5154069861512904,-0.21138290426411332,3,2.755796315463159,2.8644628249039474,3.0746556231888644
0.05691770255122708,0.391119085179517,-0.6644481049904687,0.1574750494033068,-0.7629950807496275,0.7884879949922454,-0.2819489783438436,0.28829037588370476,-0.5282183189988072,0,2.6385143101300534,2.8184047406295956,2.6820470708647077
0.3750353658743455,-0.4145593496626201,0.9028341820806538,-0.23123942922842167,0.49908397322666187,0.9948799387093972,-0.36266114101958125,-0.9951696644914187,0.6716402985992014,3,3.025674670870248,2.176635443730458,4.188261779447595
-0.9655466950686575,0.8483321921526754,-0.9744919584686784,-0.5213916089765809,-0.5301947800830695,0.03655921940408491,0.2735102207405815,0.7629064480591676,-0.15587902511582574,2,3.0338483064455684,2.8201195173456832,2.4218481393414057
-0.7630250004800163,0.7147189661627922,-0.6938334672942386,-0.9054777880531439,-0.3670778894873379,0.2574674293421826,0.5840864022958774,-0.20720499134203574,-0.37895435762626595,0,1.936293671077067,3.31153892608943,2.0341416421418175
0.8799180458656091,0.7842761468360269,-0.2331444112522909,0.5265237001828518,-0.5860249540520177,-0.8797222685173052,-0.7895828431268908,0.3972610538753154,-0.03669468018027744,1,4.369167268754781,3.7444103733577325,4.193706219063406
0.2567470939770802,0.970899913566905,-0.456702805396356,-0.5078587168110575,-0.9901479724858324,0.9182343542723721,-0.9388814325056689,-0.27670339250185405,0.30470498607427143,1,3.569458055599717,2.1359718826064467,2.9863691569031823
0.7650757873453422,0.3640849818585261,0.00456445477202605,-0.44805840459292523,0.9597631841518679,-0.620616769546608,-0.4265196422377413,0.050937512006408614,0.1385388004388175,2,4.34440410607181,3.948170604051383,3.6257374997955343
-0.5103703074309811,-0.5996169859788345,0.5029446275973115,-0.04140459407012531,-0.576354516077715,-0.82523092631187,0.6974876865344897,-0.1460559834411208,0.8313338048734003,0,1.7994846072020618,2.6720664444887166,2.6859332780490464
-0.9869162577767905,0.9022683402065257,0.987216157445924,0.9431641026168844,0.20166824699703412,-0.6949240841448072,0.04157787420690551,0.7001159451356613,0.17648055783780303,2,2.988782414026775,2.7938605021303027,2.1851504879206685
0.5914189719840066,0.3965827835739393,0.2562617375790308,-0.007598774488904336,-0.2336443830706283,0.3935170417632141,-0.2259560577526507,-0.21268804264846586,-0.04679552355912331,0,3.4935343821143454,3.004143603643439,3.306706738452029
0.7757859789599237,-0.1592155196927103,0.4758372929256016,0.39150577893424776,-0.5205991798811391,-0.9253282455002638,0.7819282406564645,-0.9318769350720386,0.8288434371659372,3,3.935343488494375,1.7122540423947052,4.3675283760364945
-0.8831527701056521,0.9946341286034972,-0.2832151565191747,-0.32176296482456346,-0.9443321009424646,0.8054209089824917,0.01826434066480842,-0.16934716583574883,0.681274207156553,1,2.434449895484255,3.376118390357616,1.8861555357608466
0.35175001100132164,-0.6987436867351777,-0.44638319808188,-0.33328894153083,0.5868414198231506,-0.5078071631130221,-0.8746257523159695,0.6765689111362514,0.07037483453547355,3,3.4417969210548884,3.301652788471172,3.46706065301659
0.21356962309113725,0.04722602357964356,0.6428370741245846,-0.9361556897690895,-0.025504764063160046,0.6590599695261041,-0.028712014872450675,-0.056679810844109335,0.46511046296165404,3,3.490852761329853,3.154041358237119,3.9469000893872828
-0.06080981688890641,0.21376441368947496,0.7624286797936253,0.7520225009161512,0.3831827343974956,-0.5384528444573797,-0.6937001851636768,-0.759645841326821,0.12434804767104168,1,3.2791466850409705,3.1188522182118703,2.7573690039927605
-0.5825569567499345,0.6687189198783856,-0.7748053977862694,-0.5476903842901435,-0.19824429696338952,0.472236074836075,-0.1480169406018299,-0.7575098692657496,0.2396553851818055,0,1.7182865180336557,2.696381127408483,2.1864449529066325
0.11260160777369421,-0.9390891240012842,0.09058062445684278,-0.21518739494993078,-0.8642591051382003,-0.6690339965345464,0.8699120831814231,0.11836216963814206,-0.2946083675792137,1,3.5053311215566145,2.583918601578053,3.3912650331453995
0.8702198222621005,-0.30936171152791525,0.9993523589429241,0.891351038347856,0.17945844182405057,0.39003100425266646,0.8273270772710422,-0.4358003371946031,0.2538321945883417,3,3.9763829435062386,3.3091602315223057,4.233723677772474
-0.44478367495913607,0.7463875191400822,0.9458038246072087,0.7902129041016845,0.7660743915589077,0.8528919623401949,-0.01929550805498348,0.4459149029480043,0.18159800578071716,0,2.3868170226022025,2.9195715698587583,2.6679455942535273
-0.02066004038731606,-0.9164748976458275,-0.18370967925209336,0.9544294614898454,-0.9124927478233973,0.9706557698279625,-0.6890768526420239,-0.3713183397399096,-0.6086093851981229,0,3.1963563795777175,2.606716499158808,2.7980033852201953
0.8508622487386468,-0.18290039549190684,0.5400688807677227,0.5940156871492555,-0.7917033465486043,-0.7891136903093929,-0.059634809213682916,-0.5330742051681221,-0.1759089284776143,0,3.8508197792444356,2.829751316737668,3.921138777496404
0.7414465094716689,0.34688132769412916,-0.7074790995221854,-0.2385389692986437,-0.37176066982518674,0.3140126743689289,-0.735320455876721,0.22809120577324848,-0.27027828607607773,2,4.537222556683612,2.8978136063923348,3.8175253358558234
-0.5380800893580064,-0.03168264310617874,0.6370418128617217,0.7081579577398704,-0.890527059121234,-0.5590550941440708,0.6737836646868949,0.5220857251561477,0.26702986455263833,1,2.746005128776407,2.7777186985199322,2.7403697779584433
-0.7525284043428262,-0.910875594430334,-0.5428577080270687,-0.6909326669499114,-0.3531137714364221,-0.621511509164772,-0.7522407086393694,0.1338966457694435,-0.738759155534773,0,2.032261993893841,3.4668035404666164,2.2565065617379276
0.6178040030136858,0.8298606754486839,0.29015068000511035,-0.7258819314735168,0.3489438680423236,-0.6559550117545139,0.8790010963257793,0.4281209237529122,-0.21446599141624811,0,3.5939007998094086,2.5833362162301574,3.379945434571283
0.8730103635422422,-0.22252483081565555,0.7441133656062158,0.725204218730283,0.858295302322609,-0.5420915897070036,0.703452037197301,-0.8712330363553697,-0.008306722143232914,1,4.0955821134292325,2.402345078510767,3.5473140162430763
-0.3110692618188413,0.6307281480871372,-0.9036068404523803,-0.05873784381524816,0.4790312042512037,-0.27740710610598307,-0.8680133220370385,0.6220616355782835,-0.8410875528288668,1,2.1983092824617754,2.8802062529889696,2.766776479790711
0.6507230141442961,0.7581129898490904,-0.586602704587665,0.00960255197209392,-0.739241182791083,0.1384168980224958,-0.7052910904128307,0.9841523536048016,-0.10827599281121003,0,3.416817994425033,2.399780096176631,3.399753330342467
0.824004163691783,0.28811462223988893,-0.9772582680456725,-0.40610625379469534,-0.9420900253061963,0.08659234132720584,0.19972998286783072,-0.5154276095408108,0.13249458374469758,2,4.766149812575064,2.841781040046009,3.937894005279234
-0.31578266183887016,-0.562338740439936,0.2795034743389937,0.0028868287241490265,-0.14700537153540827,0.0422209636245654,0.736100170107516,0.31726511208923247,-0.6668366023353682,0,1.9716083422655786,2.988578926641427,2.4997802222513807
-0.44722905059333784,0.85595436625775,-0.0966994544295019,0.6385205948384078,-0.5856918991307571,0.6078292463856396,0.414023063473244,0.5057242894813192,0.26452366902593494,2,3.103552354028512,3.5566721979069236,2.6602530560701783
0.5375074383048084,-0.8784014020043183,-0.687182512167039,-0.6770292390185766,-0.9254938105840662,0.3391251966737596,0.9683885804957488,0.3709100173973803,0.5260961759195675,1,4.526679057317328,3.4712021396193293,3.279091079895377
0.7133817706230166,0.8970882967198814,0.3145085172618354,-0.7163127547233783,-0.08088226182972758,-0.26020594635057215,0.943359843429084,0.5081728513683945,0.7214550526010897,0,3.7410636073492194,2.8628176645349384,3.6496448721520265
-0.4129342976384114,0.7113460967851324,-0.5876583787293692,0.12685935641422286,0.9200270080897022,0.16996598652761685,0.15410790122907292,0.9455494920905967,0.6449045047973099,0,1.4650439978044616,2.683436822794625,2.6651363471602383
0.4768187524226257,0.569591186050443,-0.5856501888561159,-0.8076664517184287,0.5795889171818696,0.12612351923112786,0.03402691858644502,0.11796125618849596,0.8624269388444255,1,3.7507455890229053,3.352434462596129,3.493932560327871
-0.6518015857871369,-0.6296839404832746,-0.2673614139393916,-0.5316717354289542,-0.4478051744714697,-0.574366115346912,0.7299975770710507,0.8516159902981277,0.43866580446897707,1,2.534095693886828,2.392178790182343,2.565377542705152
-0.9862751085931496,-0.024132798205841244,0.06312847060891147,0.5451067695019849,-0.4098435820694095,0.06959182360672078,-0.670288289047231,0.21014026689214327,0.021730817374543188,2,2.762189052183442,3.3852960816688364,2.4229536883619898
-0.682025330786701,0.2788795702382756,-0.40021970554789044,-0.4790396718146168,-0.4610378456350279,-0.21036618252979533,-0.851883805817693,0.5879322393996582,-0.01621085821302004,3,2.0469925980546315,3.146993174653802,2.761954171524565
-0.7866772176913523,0.18187542359947995,-0.6198127595125005,0.16402190216020052,0.0643573483463773,0.5399459087686407,0.40219077455939933,-0.3887856796013449,0.019778234090034985,1,2.153571251206254,3.3464692456737497,2.5475963832913364
0.6993972822127452,-0.03502579479094292,0.7498256096491798,0.5680392214700367,0.039372656728535516,0.15140731349907877,0.17092616093348845,-0.8299051934118518,0.12913074579762807,0,3.573045481348008,2.7161399218851145,3.4802228694657984
-0.38122054571620434,0.03073987635244646,-0.8712548795107227,-0.966004464958824,0.7577901164670702,-0.1650518283068103,-0.2930007625416613,-0.9570607977192134,0.3513977813223763,0,2.066565510040096,2.53509057003134,2.329882716478176
0.04880502720517099,0.14675981185616882,-0.13072611601989492,0.3880947423004082,-0.04915525435497892,-0.33683154335912624,0.12309705933592152,-0.8470463257910934,-0.4777956272782726,2,3.6825737023144054,2.7397631137026743,3.2628326894164617
-0.16651277131243147,0.5518733924729637,-0.9381881395049274,0.14622161021418112,-0.5734865308117805,0.2708521618749824,0.21381129382224606,-0.05816251990720356,0.15421753667909188,0,2.058719526842771,3.1966360489189722,2.787952287753627
0.9169925212558061,0.45293845870813065,-0.20337476470760718,-0.3896226091185657,-0.6908251223113417,-0.9937983017512486,-0.9972739129587924,-0.44374540943876095,-0.8981184680225729,3,4.02217668462304,3.900486888976655,4.527649632739992
-0.08124475558665467,0.4808625327120548,-0.34489334589600595,-0.031205974115212642,0.34309476719355647,0.7539977802142499,0.5762338259488562,-0.43874872030191003,0.0031340062883864483,2,3.1970714090521506,3.724435485810084,3.27053440310944
-0.5137167895408108,0.668409434409349,-0.3644164619265582,-0.4031068527538759,0.2948306714803899,0.2381094481672048,-0.6311198424464581,0.9751993497952987,0.4726368005655135,0,1.6568394095717072,2.552576749491842,2.349288796686306
0.017344088048412365,-0.061919930669964485,0.6505414290103646,0.5389175717247945,-0.43341835259929984,-0.3697112895196233,0.8250836767262146,0.014802139367827927,0.6914953160343231,3,3.0072656093054784,2.899339975921188,3.4609616162321113
0.40669001561839124,0.058850008423165345,0.20090601640858385,-0.40033396161590895,0.7689787769908343,0.1451174795408392,0.1581643670039692,-0.7206031234058814,-0.5322093407876298,2,4.058702424768445,3.091479102033057,3.6864202387750384
0.45151613962423975,-0.16902922819449784,0.1428867316642215,0.22120174894988676,-0.5854108634230786,-0.3317667793185619,-0.5777998744199535,0.8962632252707625,0.014055711129783877,2,4.393839810220726,2.7603112311414715,3.7273458423667685
-0.19279955964478046,-0.7597703572669174,-0.5466027955285082,0.7602134030921508,0.5214870787105423,-0.5535596789570183,0.9227782628647807,0.571502301847528,0.6396910550853354,1,3.2263765913699443,2.530836877065374,2.97302914269115
0.022325869916610674,-0.6753629608648222,-0.31576048022690273,0.7621205003762181,0.4052977039907921,-0.726886934364853,-0.2370565837655212,0.2115059918505129,0.9553955194406711,1,3.4590129784404353,3.4839268343959104,3.0253295722926867
0.18876417942264,-0.6885663538885838,-0.4429121135879672,-0.09526393035461878,0.4218549033126253,-0.6610078374404387,0.17461524247169136,-0.2836606880780217,-0.07131994567829092,0,2.983025885971702,3.015413827378575,2.799789898614993
0.8108589586466093,-0.4641441862083493,0.9352765956994376,-0.5456877884921982,0.8994081634356594,0.18498610351826672,0.10295953164317484,-0.021095167173690088,-0.16761881388513178,3,3.5372739494314502,3.4038708747133346,4.526444477275432
-0.9152027882832008,-0.4296717039818425,-0.8258734753791026,0.45299213674415584,0.62609426649582,-0.29198908594207507,0.8573711506710757,0.5655768959469096,-0.9941923095987766,2,2.509617014532822,2.1567536637088813,2.844793121031854
0.09471759820243975,0.5979383448997853,-0.7242865578073276,0.8328408794872879,-0.9903314614666061,-0.9844218534400073,0.23093661130783838,0.25919230069741817,0.04396507347095424,0,2.855969238106792,2.8948527859651194,3.5155586627159807
0.2644485084308741,-0.5409379079684566,0.5340723451127338,0.7015207702916009,0.41400356016676043,0.4524048056556995,0.19636019277042283,-0.797101515982924,0.23217603246137353,2,3.8354544786765823,2.7549684016915017,3.543182323767543
-0.994215290922059,0.5780012114041326,-0.655941829553544,-0.7561153208526048,-0.4037060184136041,0.7727576076955804,0.3009893653212994,-0.5861206063408801,0.38749560383393233,3,2.1890313723131083,3.129445074449967,2.2603765119165837
0.34502559707950775,0.7560841240060345,0.7820435255271945,0.5769824936052605,0.9123165598006691,-0.3197102522640669,0.9746531946948249,-0.693489076206669,-0.7042733591416219,1,3.910587095834153,2.7590820255767734,3.109246608603528
0.49387022900610766,-0.07772416293988038,0.6173924852357586,0.5460222137012365,0.5850090737785498,-0.0585811376729366,-0.9459300903929966,-0.02986339016508799,0.48076985929110516,2,4.226281720776685,3.516835210335641,3.6031937059852477
-0.4126687523982857,0.9839859097845258,-0.6661604899546347,-0.31830803119016404,-0.36694402398999104,0.6418733356473343,-0.01754538317918053,0.2293339829268124,-0.04213161496252393,0,1.7360770480528374,3.120639309852563,2.2641713659731257
0.21604678695424884,0.6032803786164898,-0.28730682004074803,-0.12159899097837545,-0.0862689369110361,0.8092081119152699,-0.8680077967430286,-0.27062208015774547,-0.18030847436269215,3,3.0533744203278665,2.521061639005874,3.488331861914357
-0.3638351612492299,-0.3633165928409663,-0.7302283115943582,-0.29749499715622596,-0.4318903604232829,-0.7805154608743692,0.5436269036543211,-0.9074241798040352,-0.5397679060862657,2,3.2937570401209966,2.2048049263765677,3.078953659719399
-0.28116922750191264,-0.030770123767878355,-0.8517543107970322,0.8369305313577031,0.38495968750855303,0.18620663332371223,-0.5718842284971952,0.6597818508936897,0.5607327338874386,0,2.2576418905548477,2.8416093437595125,3.2037251856239912
0.15416319866055028,0.9493240540211598,-0.876994684053165,0.2669053525241367,-0.6267866790208478,-0.350724497075686,0.44033579310288395,0.6984356307327517,0.9988827341970095,1,2.938563515580194,2.899014669687324,3.518000570009468
-0.20746472022878093,0.1505586593142909,-0.7675596948443701,-0.9008799705889001,-0.19216448258159113,0.8729994965012158,-0.3368818449410982,-0.8407739482921586,0.3566634852758077,1,3.0515113228316677,2.2522320256368755,2.646850548638248
-0.32703319567059075,-0.536289047898246,0.8269494588380015,-0.058984338494402655,0.25249974392095,0.3550560946745973,-0.2545183104063833,-0.6098509431218795,0.8085943853851405,2,2.6981328750011855,2.503512982304537,3.117070492762771
0.3179896222625129,0.3610659392362834,-0.935830876739405,-0.8205505692166271,0.7147293994465387,0.3918925492220062,0.09911772984523504,-0.7827478253096913,-0.11387923273543277,3,3.1239606425922077,2.858233609110757,3.830753078184624
-0.6106666359668684,-0.8128320484697458,-0.7880579253516276,0.707154650226899,0.6252076553297401,-0.17948003610929497,0.0025370341820047937,0.8417138125318464,-0.0037587201684590177,0,2.066915030376763,2.6098931414002577,2.782046552050249
-0.7828557235220914,0.08160531074513,-0.5527790407913069,-0.7776890191426786,-0.43651418353652494,-0.23005364183838983,0.1485362106822148,0.11122566809524015,-0.641500908067264,3,2.14151495612025,3.1820250082115864,2.707088628963958
-0.8316328907140658,0.4326090148445523,-0.05070720529416062,0.6817280479360224,-0.5198551230868382,0.9012016249274393,0.7740654809004925,-0.8714048313823992,0.5370582454823154,2,2.8523377421038285,3.473279148425443,2.37385600340984
-0.07323430479268245,-0.345743803501682,0.006199792656265801,-0.21837698909646064,-0.8935553793226518,0.6791451376583748,0.3339595762944305,0.8379231216256551,0.09250482320391695,3,2.9142014971008416,2.9332370951018514,2.96611538974365
0.9894994907903363,0.21076946232872174,0.8577737154886216,0.08697495446795855,0.3113628370058805,0.8997239765434628,-0.6546882307039155,0.151394710940278,-0.6486894210242486,1,4.042220821625855,2.6004788018160134,4.205884859788019
0.6196695179741618,0.5390114103174286,0.6113653488790733,0.4254621860380705,0.2617749010663293,-0.28945678541276365,0.08003154309143734,-0.3738061724873123,0.0771220768977896,3,3.765895008110331,3.0812777677103815,3.8809353146026426
-0.8443267058505353,0.4796949354881792,-0.39764605966092903,0.38936917516159264,0.13144690813911586,-0.6826514192346187,-0.24712077313011283,-0.9112599823072665,0.2690709032352896,0,1.570348393888337,2.7094884077357047,2.250273009910833
-0.327195489375506,0.34496789524162286,0.1939605448510726,-0.3293327395277519,0.41806210282566525,0.38014713598808036,0.6920113005437993,0.758807386536746,0.46984590567920614,3,2.2516485486193725,3.076394979747224,3.2087718972487704
-0.9758501908443704,-0.8498568940445044,-0.26717928883715625,0.662464583141068,-0.9932578339925218,0.9393385385282516,-0.8276176578814869,0.065657828037049,-0.38496468759597136,3,2.2062833809571476,2.719438221219001,2.6881879435281966
0.6299093969761755,0.4992644609004657,0.8645255624686952,-0.2471208358534811,-0.03560391456698886,-0.06516755920201867,-0.21280176877136459,0.00045293512203081754,0.853524985013459,0,3.5683407081145715,3.0991608165010134,3.583593884775162
0.47764069054864433,0.4783402841885489,-0.7281565421122991,-0.6350407363630401,-0.22261509084258813,-0.37599596759777953,-0.7786657867888658,0.7066550490817372,0.4829519186148987,0,3.255216270400751,3.0946460137540175,3.3157956810231
-0.385600562975023,0.22850203407820824,-0.6006390297532973,0.7265120196081845,-0.40660658664052285,0.8242676665529478,-0.6297957468335365,0.728264812450071,-0.33774589131363,0,2.143621643431397,2.371589389363563,2.6549354718333964
-0.6502567217516511,0.9417782289032732,0.46553285272668576,0.21251590298157352,0.4161330594541237,-0.1984934416374946,-0.6314428544624087,0.1338969657521849,-0.1862382667108866,3,2.0267083943323825,3.2171813079741227,2.682602985451252
0.4661098480208774,-0.8950029093646266,0.7139129839847227,-0.19127415170787665,0.25128597085701054,-0.9295803774109832,0.3808906063015107,-0.6773085632331888,0.6417860867763012,1,3.3775147184820846,2.291466282783517,3.3872951403529385
-0.13889703466143044,0.6401829805888142,-0.8557127686467849,0.33914341490475053,0.3252598182527111,-0.40440424258626617,-0.06639288916730934,0.22487962399292938,-0.06290489561438561,2,2.884532057517225,3.3483451386669323,3.236998850003406
0.17666417334066953,-0.2026069244686064,-0.49203262237044076,-0.8024340569203705,-0.9926993065556236,0.7874220168640398,0.8964709722653443,0.947272511530765,0.6974301457257663,0,3.394535167915123,3.2536534789089155,2.6976532847578296
0.38683159174854387,-0.5952420446284352,0.35643241198982234,-0.05311107853311392,0.7082174111200898,0.9547034004732644,0.4892412105451316,-0.41182748413342907,0.28070925459369156,1,3.4426897350370957,3.6180071156993696,3.6697446610176385
-0.5501662053402887,-0.1299213913160837,-0.07310422185162602,0.2221357076000381,0.17449720015773007,0.59845787954498,0.5400968011186251,-0.2729327476933312,-0.19187286665569792,1,2.323412802346105,3.5693853970001226,2.5558206577003175
-0.07323836498995706,0.46562094068101767,0.39248468575383844,-0.3816339077213773,-0.7033921689853522,-0.19435247949757306,-0.7220775676178299,0.7872178008976294,0.5621538151345402,3,3.0485159448515278,3.0101787236743385,3.4931458220772793
0.8419981888131274,-0.3675434319001085,-0.22260485989953316,0.13735253782704793,-0.9973244475514975,-0.9134573657473322,-0.6460402735036861,0.20785314447990944,0.8484201560251887,3,4.053201365514418,3.525638162952497,4.3977561941521754
0.4722413419113767,0.20584521962772073,0.0038512624837752085,0.32954542573149825,0.6215628917501239,0.7306002536973097,0.1516517075974837,-0.9609449101419523,-0.7515377934551037,0,3.15237097432628,2.9253523714572167,3.5363307821188843
-0.19845916194676283,-0.7038023234463109,0.16020763503475743,-0.2335120596679825,0.5442191481137999,0.25791542277420687,0.41464756753578014,-0.9938616227397743,0.04031685087886383,0,2.018356281281493,2.6516831755207826,2.737865404551584
-0.870923655460343,-0.697401484479943,0.5931961017938445,-0.8133093168792731,0.4317239793204197,0.28021860642927043,0.6678093592529142,0.5614097022213287,0.024770720747191888,0,1.7024201615215915,2.962254513175561,2.8055660928186072
-0.6824763328239491,0.004540638192060742,-0.22251379966809037,-0.6995852390642934,0.3001278145521844,-0.3290836903722667,-0.7709293923360621,-0.8001611234486927,-0.47484276145899873,0,1.7290556926911933,2.971198733475953,2.1776411063868233
0.3145751996621291,0.1065000364127755,-0.5942088201136031,0.8326850751549575,0.528012777511121,-0.3965640264144461,0.6754604207095152,-0.212495986025675,0.5963437383624728,2,4.126131664277503,2.892000092460035,3.638909641149906
0.35948631127178876,0.4904899744061879,0.2864573366807244,-0.3686964684280025,-0.335306122685175,0.3970963200449589,-0.258488546005448,0.6506959627967759,-0.530537634637158,2,4.343439160897713,2.523097938625327,3.4727558701117975
-0.8367465330196655,0.38100011274667334,-0.2862637884613308,0.9463327148306053,-0.8505786725263078,0.04090992653112724,-0.5491738495964289,0.7668925386455925,0.2934224848787592,1,2.6779500672515377,2.9827435072194097,2.7607813909668217
0.36885969219170045,-0.0881633899857186,0.4838694301486248,0.1745650063367543,0.5133238662903381,0.08036102586735372,-0.5216520447504329,0.9391908974678382,0.894413066056087,2,3.9911310194326335,2.815780058545667,3.552790409037755
-0.3057954857472007,-0.8778801327682373,0.23347147295243764,0.8605075595143281,-0.16434004804442592,-0.9111658737242818,0.9176063935341263,-0.5029577089943498,0.3505634772756756,1,2.8184916637398563,2.0172218959004193,2.894154648265679
-0.8819254003087096,0.12168207626553373,-0.07774989799570142,-0.8546489160921802,0.9503619686506177,-0.42741543853506503,0.4538512000903421,-0.8117766431325126,-0.8911200977896196,3,1.8201025713095997,2.543108404104214,2.580654885541022
0.5939539186316627,0.760335297533622,0.2709714223598487,-0.9811901452644298,0.21122177318842672,0.9940316453348819,0.7912800904380921,-0.5996130250599359,0.5383504713485157,0,3.756665802105032,3.3972176437028874,3.7462657739907255
-0.48056615684768245,-0.3971233230620508,-0.40254243648178334,0.2728283352596239,0.7530224253955942,-0.7985377758434669,0.3007043959287068,-0.8016512721096398,0.82876070245683,2,2.7519730294449296,1.9986237103913909,2.543299144267922
-0.7489824949848156,-0.5696386758792138,-0.13732972224718432,-0.6179456060852635,-0.9705350999287712,-0.765466768521261,-0.050785995564634145,-0.4372732932849137,0.10539625776694206,0,1.9904251341522234,3.1860116200395305,2.49428794877927
-0.6871571636508778,-0.39242418617928876,-0.4793224199390518,0.5177859501308235,0.9463700932446091,-0.17882442593853254,-0.6112969294835098,-0.36235424703975916,0.19983459528325276,2,2.5563470242387316,3.1544442064239533,2.753913631505883
0.7249669093720164,-0.5680713269684927,0.9898890716721269,0.9734861416879856,-0.800735930190321,0.24795225983673186,0.8654784556046287,0.051617270658310455,0.9114554787374876,2,4.7869827419676705,3.495933709845706,3.713351054193999
-0.49946237625078505,0.980385950263289,-0.12495772187031573,-0.49216385179396904,-0.9441949392104212,0.1093461177585493,0.06985811120321594,0.30700426985488316,0.2836137481426859,2,3.0591073476206745,3.4598073270495564,2.6432668801419554
0.38925046822395304,0.6243451316398649,-0.7404962055060227,0.68657913246047,-0.9812315535646259,0.32495893253797736,-0.38661617367407053,-0.7276068387763228,0.7885060095783685,2,4.24803416517103,2.2420357548600434,3.634673006384565
0.22996126962322005,-0.1762136056472834,0.8637631891507669,-0.036035390818713875,-0.19192668010446257,-0.03506095292260403,0.40070774200057135,-0.13632154267979524,0.3640579655145313,3,3.1143663218428346,3.128121698313617,3.703762018857105
-0.4147642301259702,0.24447715727261077,0.4710920389298494,-0.6711394829843553,-0.572408550692141,0.004253916449787676,0.535443887517772,-0.9892441635956022,-0.04941303521486007,0,2.275459107352847,2.677264854030603,2.7549592826814946
0.6244371588457529,0.12669162624768449,0.026077652972262833,-0.3684779574105912,0.3433187286870625,0.5030527320844242,0.2936545705238296,0.1497449281809602,-0.612563034290849,0,3.386086281339949,3.223178445347109,3.546050935405791
-0.9919215089946465,0.4143758905387871,-0.4946309934165247,-0.06448563692290321,-0.6044491610674492,-0.6499286199504244,0.7238387038494543,-0.9629879609016954,0.9352184981385603,1,2.34135789363063,1.9892734012673126,2.484203787107703
0.8499020944183782,-0.5770010771943119,0.4360851288992975,-0.6096151982196765,-0.46696053137650906,-0.9949275849086259,-0.2681802644836846,-0.0443180408784698,-0.31103230915761837,1,4.343737531292143,3.4873198301982478,4.2187861301334
0.39531287249297553,0.08419177876076578,0.11679379213342522,0.5497111455646817,0.19234782886296498,-0.4915565150291181,-0.10549140249331423,0.18079441405476193,-0.05587956386241455,0,3.2363908395857703,3.164496875932454,3.133202232959811
-0.36689356836922493,0.5000455639980323,0.1535240154783537,0.03510558182914991,0.25703706728011033,-0.8799972770957878,0.2513796964395223,-0.47515693679269333,-0.8751860960423283,0,1.9530353268877347,2.9033633925710887,2.2764921958947624
-0.7271735798698025,-0.5256883799327006,0.7125165652426104,-0.04480126939990048,-0.11156600637759495,-0.10988603553652365,-0.9498128162502237,-0.1203785349321409,0.29008419070125147,1,2.1792047608073153,3.3831774853380674,2.546968812298179
-0.8706776006100923,-0.07129853084168092,-0.3733081334687709,-0.11114585690682022,-0.8941714741597271,0.5996474095780837,0.3575333837240666,0.7401162750631196,-0.4703856509593045,2,2.7841250179034356,3.0816492722109357,2.1104402624321184
0.8640111177419958,0.10938711398114798,0.3878167934114196,0.9365541111876861,-0.21678296794386043,0.7520001549959585,-0.19260221900330188,-0.17676307598339802,-0.07680687949226983,2,4.908878695628204,3.129799511380424,3.9151818968937344
-0.822760881196007,-0.4378776826172517,-0.6877601585758721,0.2432267893521436,0.9387220377962548,0.042231583038319975,0.17932669958367753,-0.49552446946836914,-0.9953709196412133,2,2.420115077751827,3.1523147866872487,2.8044176046453457
-0.02429459261728728,0.9385458913281315,-0.9157982138666034,-0.9838558088921487,0.12676196837224718,0.09164344813616943,0.793112391073425,-0.7230932778512522,0.7672574619804575,2,3.19103852479509,2.616626262840267,3.1305032478300494
0.6904739121728034,0.20447252939718452,-0.6805009997140787,-0.5459396858703074,0.6224150801517698,0.268334878788401,0.32113155506315816,-0.1780595783435357,-0.07300292371043926,0,3.3722841599390594,3.28934568814517,3.586406464559208
-0.3389015343220525,0.8838160734416618,0.20150589908202332,0.3510351606366011,-0.31107529400641765,-0.5272762648491731,-0.08032181376710756,0.5800752439013446,-0.9845668903874376,3,2.500705457834609,2.746293137995443,3.125726621331648
-0.3977839213140668,-0.9855976957990034,-0.023771236897413006,0.0034866919015186237,0.46525765022434884,-1.3558920093359461e-06,-0.8096574280524991,0.35024168532933175,0.1641623387151312,2,2.8225581443637315,3.229136716857658,2.763888621279182
-0.7850079945667157,-0.1696208018615668,0.4002640991621067,-0.5270880778196443,-0.5070908712004054,0.5432919096661712,-0.7877237220747026,-0.3089977859090274,0.1293081047309086,1,2.3905209486381063,2.7884433370260115,2.417706665621527
0.8478686065692604,-0.7955863473857696,0.13967817475131095,0.053830123307475386,-0.9720149019738067,0.9740096091455193,0.15691365135495938,-0.5192283988996942,-0.030803669470192974,0,3.770280496179594,2.8544725401696662,3.40894148494023
0.9571875199815536,-0.18697913431823454,0.2205285652994271,-0.006211330806395798,0.2779008069413298,0.9671479099024893,-0.642628437718004,-0.8801908335236948,-0.4244770510204985,3,3.730263712917206,2.262298225776622,4.4594736524810585
0.9844914730709369,-0.4744197406302104,0.6916884289835905,0.9980741366335866,0.7121583423909035,-0.7995436736310708,-0.4903022035801634,-0.44992990428352986,0.13625302761847102,1,4.30789160998618,3.6434657685129235,3.64835426487336
0.9190677812183481,0.14669173331872298,-0.6697589414386154,-0.47882393019512715,0.8967185853866857,0.5222145088611623,-0.9205446063215366,0.6163673365948013,0.23252283338265034,2,4.402285338970308,2.5678253641422777,4.329412801874049
-0.29040661658919587,-0.5956558356381476,0.18989013132198473,0.4877266537573943,0.6975849873533513,-0.16215096279701502,-0.658992278031111,0.01434583674793144,0.6146065623210164,3,2.1573464358344023,3.227716686907079,2.9877890868872163
0.23151863838685416,-0.5807379352420015,0.13404418498680637,0.30988736398969685,-0.14543573443343316,-0.6854203059677113,0.768921346441553,0.8306470759521958,-0.2707506786258487,3,3.195247826954298,2.152449528723068,3.630184120960311
-0.3149349422578076,0.3469376515793756,0.023419476944608997,0.6947309944180815,-0.2970252375110263,-0.10700789327355031,0.3658081500206338,0.5056000934266942,0.528379263323373,1,2.888609483721312,3.1268646447672723,2.816332677243289
-0.19608736335257926,0.8071631717424488,0.761503384880194,-0.663829235244495,-0.4209645491110703,0.21996723125285178,0.02978516960039257,0.8507567962095497,0.3586937033805837,2,3.967191569966298,2.7775110997406642,3.3428290605121047
0.3262082198561913,0.4508857001342894,-0.3507247751136475,-0.9021656051941549,0.541160725292555,-0.6777132917131063,0.04245362473106873,0.6298431587628419,0.7428304079287598,2,4.114668356439778,3.1636088637017723,3.27959077925232
-0.8928282526612039,-0.21373004488593628,-0.3854051031974133,-0.9696126904364146,-0.539249463484593,-0.6178905173629652,-0.26715564724338914,-0.7712321767188908,-0.7119568879164573,1,2.6209231054825333,3.2488225980151166,2.5797831822553907
-0.3997396644468463,-0.9533112565755655,0.4161475662417229,-0.11678583577962076,-0.508531558089643,0.4008655304244584,0.10273430849021326,0.45085872642807145,-0.48596045993669823,0,1.8420971591602704,2.9773523523680443,2.347567405678349
0.1120315548692703,-0.3182245812415996,-0.8397699070136351,-0.2964597601122876,-0.9556830997890431,-0.8720685486280126,-0.12755789466137823,0.26643451462766854,0.12970567646896258,2,4.213003664946906,3.454092361854598,3.5760683770882054
-0.1265288344010118,-0.4843811598729575,-0.2691696444268923,-0.5079555337940165,-0.9265178103025455,0.2515626557537345,0.7714680700922991,0.13523689865875266,-0.9875550019636645,1,3.361368121755961,3.3543257298567695,2.6914181733800246
-0.9715727545412873,-0.04139592996533059,-0.487501588729351,-0.8479723449751204,-0.45192331139374,0.7485665264971899,-0.6999101566080206,0.6203695652661108,-0.8231101470742639,2,2.916745254134505,2.029981420207054,2.1636008339736335
-0.5517301348183494,-0.7740989182685591,0.08323201128302382,0.034925732585844305,-0.1452069188465368,-0.2017592751052215,-0.3018724153035641,-0.6458015026980659,0.8208447831696444,3,2.0009853272800395,2.7388373496228784,2.8246823900516906
0.9924571585366553,0.32095768863146446,-0.34728157578618335,0.9836810756207397,0.4126845985031,0.9789247956773248,0.5205995797617005,-0.2594223886572391,-0.4758383029764994,3,4.035128622899383,3.7496951934431637,4.7698446323468895
-0.8080599141162468,0.12930648506683173,0.28685481236653665,-0.9659928654248207,0.5796624668970807,0.4272287962564436,0.8919612191399353,0.9921462585156426,-0.4804540265510191,3,2.007286077278131,2.708566662049291,3.343764818882727
-0.627347405121111,0.25440031841037714,-0.949465079205934,0.736236470826827,0.04540647277745502,-0.08014792467162013,0.010220436907562913,-0.932894133757131,-0.20362028846768587,0,1.7763573303054734,2.673561662525549,2.981481606711436
0.598129163896935,-0.4995460829334235,0.06314400823331967,0.6741733188026102,0.8077097787259071,0.9279575988601059,-0.297946221121939,-0.8442075163107734,0.18350599701036074,0,3.3440454871918392,2.5830578502693657,3.7142560816022367
-0.4753670755277779,-0.48934416940195624,0.8352021302440469,0.12160358008445527,-0.5587385741937019,-0.6726084154524807,-0.19434776728828118,0.9489064411099064,-0.29470696013019104,3,2.0382901655019214,2.7251222099674624,3.285069831885126
-0.8927694302190232,-0.12624106922361822,0.3675032344246443,0.4515479413174355,0.918184246026778,-0.6170933063312953,0.08664623740860633,0.2967674428036764,-0.4927336963493001,3,1.6419449458114161,2.7830124884545335,2.230929510701686
0.30542699394877126,0.41076117559975356,0.2934754115485061,0.4975700941680068,0.9197463089641373,0.6157786320648604,0.9700167075890287,0.6318946217848476,0.645933333635665,3,3.234216190652834,3.6257456808677313,3.926769902921393
0.8725751447862029,0.09241326976995023,-0.5197339611169807,0.6466073115664328,0.29645366733294143,0.5994667459980385,-0.8576804849299835,0.12993527098696722,-0.018220926928417258,0,3.6143141734636792,2.801800875913583,3.946826527535275
0.3337199287347328,-0.1539590761898837,-0.20738627149397248,0.1402326790178634,0.33264028935423706,-0.809754736950461,0.528964815828199,-0.9342297309338596,0.7624905814972569,3,3.282463853753634,2.114714663028613,3.4851888980648957
0.9473379063870457,-0.348138405010598,-0.2912043297075959,-0.4400513604152525,0.4656404318716736,-0.667671615322414,-0.015188255634224435,0.2564091743527135,0.6011616828161175,0,3.494080472360152,3.2484276525032723,3.508806943941783
0.7478081722033614,0.380062574442535,0.32162711768113006,-0.05006390921470261,0.2758740715676167,-0.8047162920251709,0.17759075983528172,-0.04580341629036355,-0.10190846241107199,3,3.711629795240082,3.127638190547814,3.9203854233247477
0.4262263606914569,0.6697446032032071,0.5914202488924902,-0.013057033094642012,0.6782425840096273,0.39434169565063093,0.08283453219291204,-0.5326644994068241,-0.09746031033195313,2,4.243644054027141,3.18465715080267,3.8089436808527037
0.708854149635368,-0.7263484067683634,-0.044694162760322786,-0.5148280673272092,-0.40084571185472906,0.3160339316303782,0.20581561827987893,-0.602489006102245,0.7026431674150924,1,4.285808400988008,2.7137136456228736,3.5988727425169476
-0.25330300622609525,0.7363486207722023,0.05598585122691535,-0.8389699757170443,-0.5998067423988471,-0.17658954910095215,-0.07973725843781687,-0.08390649824403229,-0.4692486933068778,3,2.8090674316153885,3.2537538413652323,3.369421080845993
-0.6604159018994076,-0.2230614213415376,-0.1103685869190647,0.9479976885437245,-0.32571112145789516,0.6602802728020942,0.23751567129738693,-0.5721796573226179,-0.766936032333011,0,2.053403165320989,3.2068654894593127,2.4137155162369726
-0.11656044016469114,-0.7783154729137354,-0.6937191091019583,-0.4577030167817002,-0.31902982680870395,-0.2870421034748396,-0.38414906126026627,-0.03566256967929182,0.2878994721837602,2,3.93474876817326,3.5465908700844424,3.1137321103766036
0.5895372393600056,0.896900072952143,0.09744105782030288,0.7758983054695019,-0.10322305897196937,0.41195939209711185,0.6038357489989783,0.1651800967658552,0.32701584984625653,0,3.664732933273405,3.304147575602427,3.4009676121043975
0.11865920058407031,-0.9872177446523129,0.6662004058312212,-0.9668535749942153,0.0806369906987725,-0.5236973107798599,-0.8622220012210897,-0.6861533807051774,-0.37315275175009477,1,3.138256829404109,3.4383342062302673,3.5249767864959054
-0.5883922928751397,0.053053474319513017,-0.9458291846586084,0.6381495675455802,0.9970392433887296,0.8566124791486158,0.8965194894409545,0.981421223985889,-0.6110749477982016,0,1.5806604270678444,2.9538137062343437,3.185895299002113
0.04688927995104186,0.36776751180662015,0.5344136103338568,-0.9766046206475878,0.15377044736969192,0.009558914484517178,-0.032246737193857955,0.052724745588564215,0.10154969754120247,0,3.080105059147268,3.138559823813428,3.264920545644812
0.13527553640784884,-0.6123056390772013,-0.4796015299242413,0.12033620113938048,-0.7543131937495147,-0.436988183221247,-0.39947642292098196,0.3182659358476121,-0.41387598323895514,1,3.7919787346231977,3.2550455765352875,3.3893794463813833
-0.14041865000665488,0.40262117267186137,-0.36758284361504767,0.19374733470679617,0.34556871550890356,0.29301160270446336,0.16180459797514635,-0.24850638090846688,0.2330448149083213,1,2.7271790317221654,3.2228750103684938,2.9832090123961805
0.6178719928248855,-0.35834811828103064,-0.39416338670646756,0.3531579760771706,0.6341243767979197,0.9636798370464097,0.28975581288783014,0.6899333006865618,-0.9781335149606616,1,3.9532689568485817,2.9531884109143673,3.953899138805767
0.6651132216363669,0.7658814464300281,0.25600127597111566,0.0999847017683757,-0.3139521404999899,-0.7523277153313834,0.8512076085272546,0.4033298792378184,-0.6605953566079834,1,4.192139019644081,2.1835473375214076,3.7876882308466047
0.19440780284394954,0.8310581884202086,0.7233573276219178,-0.7689693628610323,0.08690954362138958,-0.27975896644772713,-0.8112210238117188,-0.3404198251828616,-0.44571387061043843,2,4.460494485302239,3.649030890364103,3.705948194086037
-0.779477080475907,-0.5906541038481992,0.40585142125446994,0.20508644715580582,-0.9872132739394284,-0.32141314967546286,0.76483615709502,0.21770261027125648,-0.020443252017458002,0,1.8129773246673075,3.105600891803172,2.30313511781876
-0.3523753923361168,-0.3029841401969091,-0.9094548140377521,0.4961853777710632,0.3109811806887164,-0.7531137413212352,-0.6170035859032634,0.5063011002711366,-0.866823136821103,2,3.188806693490207,3.361570027915155,3.1369367717573167
0.8413042190757416,0.9426135687522508,-0.7877650537166909,0.9121481333672201,0.5927729285884635,0.3678605211729069,0.2396061071467317,0.8162443047790697,0.8303938509921405,2,4.435093528349302,3.2076345430339863,4.489300060906984
-0.5604213450991125,0.4298057397398469,-0.06707626624400742,-0.8719547446791389,-0.9863351938021512,0.5691705190864096,-0.7883250716026742,-0.552056118181474,-0.9206559415308833,3,2.484551172940264,2.853785822060702,2.7295757476215186
0.30738244273593196,0.3324275639386416,0.620461171995285,-0.47324921650177143,0.5529117084642658,0.895364742021376,0.9552915832275315,-0.3224188919640294,-0.8748372743364548,3,3.3748107898475572,4.010422182833978,4.11521254970906
0.9623682251330339,0.515871113474319,0.3188802315042232,-0.7814200018962354,0.7789457914713311,0.35632056853623983,-0.28507159060079634,0.46298405038979107,0.8988020639010457,1,4.149670908361178,3.314899724089701,4.253954986135282
-0.04345775565296961,0.21231227187808477,-0.3497857205891606,-0.8232905739796275,-0.8467938305617959,0.689042049743096,0.08395158632352584,0.413941983096364,0.8107527455895165,3,3.1160361307951145,3.230362203110621,3.036767878129598
0.12638280708012717,0.3325638317421704,0.45826005807347836,0.13594903562545446,-0.2867350259262176,0.5404113564167836,0.45587775668704644,0.27462842807592636,0.7824733856434869,0,2.958594038783291,3.310154422288407,2.8156870975775714
0.778504402172673,-0.014947894880270152,0.03908873764138687,-0.803825929665742,0.6473364518807707,-0.8543618350192452,0.5822614224744653,-0.49511567254510136,0.03602148934742422,0,3.5837663560896242,2.7027031163730695,3.3522205181620093
0.5814731437010034,0.5564701320181684,0.6941686402813596,-0.8321686621240703,-0.6689167447897042,-0.2284455124393867,0.15281146960439385,-0.22153620447810574,0.4906683411668715,3,4.172500791248958,2.9587548804874957,4.339743401109908
-0.40681507066086864,-0.24570738154830063,-0.6466099570284896,-0.22258856344692224,0.08104369448169857,-0.654626431216196,0.9627155946903434,0.09344780197038016,-0.35281581308155174,1,2.612099997814528,2.5510440038122764,2.5954350920758698
0.02910577740699738,0.10323334733418577,-0.05183502518483585,0.07245809975132533,0.6264088396278231,0.1001441064309434,-0.7182053230719316,0.6988083366855065,0.8077760873519715,0,2.4404189025889624,2.91775046411287,2.862909715594215
-0.15568131802470764,0.8732080988790047,-0.5389498920298248,0.36002063807894435,0.8264572183803709,-0.6087348111242485,-0.1661318470829145,-0.03378237303232701,-0.730788308027587,1,2.3906329838589144,3.3416182452705163,2.724683647414915
0.4088120131341113,0.4809131130705935,-0.5684360255939991,0.7505668283326241,0.15411037436937036,-0.035412817700321675,0.31189689462571635,0.06571702154268255,0.437438724778769,2,4.167126581942247,3.404123248129719,3.817832787746742
-0.0844666587512175,0.5442336693344694,-0.5580431917851838,-0.8103035676340931,-0.026150724577390427,-0.5763456808060989,0.9140944245941987,0.9025885794550326,0.7925479350788487,0,2.40934217151049,2.4258765983000345,2.729496511935951
-0.27040148596412084,-0.8821685370577363,0.6616924591046212,0.8120613696388039,0.5128734782025322,-0.540058707872092,0.844863337730567,0.9670841472376619,0.6766530534261621,0,1.852967040835668,2.372421401398984,2.339132303001023
-0.9697673948697241,0.5848247388142789,0.3653704716218511,0.19518739459049894,0.25383724667770635,-0.14686022643135743,-0.5406326551445846,-0.12597723645933323,0.05862728948113949,3,1.754208858427526,3.1953235611208632,2.47042916959552
-0.7439526165222847,-0.36065213832735665,-0.9956874066126606,-0.9728110587550487,0.2965229064016399,-0.034770158012006336,0.2551600803626217,-0.3523877040506753,-0.5376131286128647,0,1.978025948796384,3.0417019158993224,2.0874069201181684
0.7731318144069415,0.938663051584878,0.8959586350835962,-0.697229425341952,0.9851714023949594,-0.825464871676393,0.5280301991521361,-0.3584650263810052,-0.006005058741344049,3,3.638431373125298,2.884620013079305,4.146233239639152
0.7818018778122307,0.8217830905489545,0.6318545494557171,-0.11531932648143761,0.7545510717364139,0.15053134702339066,0.2826717300972579,-0.7719149444155782,-0.39666925222416194,3,3.6009748584535486,3.0304689192979968,4.253556369899421
-0.692041408073625,-0.456172519822968,0.04913022754316687,0.7231696345119258,0.589957815761075,0.6704218406797544,0.49390878566882224,0.4374952975813833,0.9551562583223607,0,1.6555563229076495,3.258510883549598,2.5851898662039012
0.0731521561463413,-0.9090467645554754,-0.02682635751118334,-0.13387777377667542,0.5061435825383411,-0.8922264402803441,0.5745661061725256,-0.438153791613624,-0.3751048995354451,3,2.8231092598147254,2.6472642989313613,3.126742665530859
-0.6032418411163436,0.7912092434979927,-0.3768314560744612,-0.5625094651115292,-0.7950012408106051,0.820458076577192,-0.925342223399946,0.6551908247476073,-0.4155625337230986,3,2.1561802229055775,2.188142686668655,2.4713357153417217
-0.5529272927901985,-0.38819309367846255,0.5110705412440419,-0.35784115104707026,-0.023346762344737426,0.7364477894259116,-0.3089253922978916,0.718224838834554,0.54425032365786,1,2.310041160839182,2.7073876967535786,2.6900117230447878
0.6785267982479126,0.4013956499168172,0.5363551857027751,0.37148028063752414,0.16612543589954099,-0.5281902617159786,0.018748064606056936,0.376737135350921,0.9325057452575432,0,3.5268885666790037,3.146087205444552,3.389026002249897
-0.1360758052775679,-0.09653524311237605,-0.49750828910901634,-0.04290576441895655,-0.06743437982763711,0.39796471311519,0.4015327015833421,0.7537746617191352,-0.5965058854991077,2,3.375789933984052,2.756289680894333,3.045196351097559
0.16945100168921434,0.5602999676312539,-0.986973858531212,0.9313765063141717,0.3903434415400029,-0.4241401170447059,-0.6553630374665314,0.22159426844465302,-0.558554073200352,3,2.8523034302115473,3.342222136687033,3.980209068054948
-0.5831148423002412,-0.6490522069480527,-0.867983706609299,-0.42413976484337823,-0.6402009985251944,-0.10016723031763708,-0.3535745443375684,-0.14602953958393994,-0.6760319387821279,0,2.258361237102407,3.2561900629694653,2.36182754815644
0.9342012800403499,-0.7651169514117921,0.5157942850589747,-0.23483614685737875,-0.5620206130738159,0.02514433454004128,-0.6221281409007553,0.3631571979601407,0.4671720301264788,3,3.915624314124609,3.006400806428283,4.30513101255897
0.7333828699452427,-0.6687426232932612,0.5589868624414351,0.10714064488696162,0.1888225584065817,-0.1959697699522518,-0.4981908727704838,0.9612584991103938,-0.10099384492065666,1,3.9188853211673353,2.660651599412546,3.686045393433115
0.4193425753071589,0.05649406319837147,0.14348207412886538,0.8528528604897259,-0.9119839831624057,-0.1226922807431774,0.5654520994345493,0.36489618681096925,-0.28018774383703327,2,4.691480008165847,2.953709365199557,3.7219962877966895
-0.30895308866366467,-0.23295000840251534,-0.5142967295967376,-0.9104116108295515,0.6147643061086139,-0.9587742743646288,0.5374251917031101,0.6489751247134434,0.6863237999827856,1,2.8701027351637864,2.44649213590339,2.4161145419816172
0.8283646982408921,0.9241167561174464,-0.6509283416776841,-0.06527729734596965,-0.8764600624233729,0.9717987192465789,-0.9719897789461005,0.7936658110719887,-0.3173614198790775,0,3.5704250163742044,1.7893726256032965,3.3907275523329017
-0.9110271949551243,0.07047219992187359,0.6426047682293146,-0.4373710087114562,0.7532156352618418,0.6370211703749511,0.16781658157765778,0.528027329911744,0.45994779108038975,3,1.6803465045095078,2.980927923257028,3.3019439273035056
-0.6607333799002519,-0.914184288140621,-0.3727414164409264,-0.08599769121215584,0.4752674185254968,0.4582563943244613,0.5092529424109624,0.5048071522445621,0.20739610929091046,1,2.282066810227342,3.2513966423720717,2.5392179030953197
0.6926086277405163,0.13430907276022386,-0.6097541645907927,-0.08826119316415482,0.2296620141946304,-0.8838527638729143,0.668289531241532,0.02259959639673359,-0.9743166795584013,3,3.641861020764681,2.6343838129484722,3.898096059512408
0.7746924728531395,-0.35344514078998324,0.4847264992680702,0.494049901404082,-0.03623229211712853,-0.4607029911516338,-0.013540280495910606,-0.33141154702523945,0.2748606618692109,1,4.169062635919881,3.109854081453855,3.7378919044479786
-0.2845541363487025,-0.18087997815209889,-0.18288605251860757,0.4656065905236093,0.5291906907571304,-0.633556895921382,-0.1723545396348185,-0.49885207254979336,0.6349219067972298,2,3.0520715175712425,2.9658034785313143,2.766677946645016
-0.7084110387904876,-0.2211682939745805,0.21732026135230598,0.29380935887589854,0.6270486567340636,0.43443214460231916,0.8624297704338999,-0.22015111983794355,0.5852308712038143,3,1.7267775231158713,3.2978339751026193,2.8563413064756205
0.7429417932264986,0.6702844053316102,-0.3105978632702313,-0.088714837811114,-0.922448399823766,0.12436729434048188,0.8143982271032544,-0.43697990035614453,-0.17498807444459752,2,4.672958160155232,3.163430315526654,3.7961499391258844
-0.604921479325649,-0.7107370184509285,0.8044387495927066,-0.48514517583171224,-0.01191181896190563,-0.627973359216492,-0.2904675171606268,-0.47446825826197614,0.607448170225872,2,2.6389692368097633,3.1463325563623434,3.102172825239343
0.7136175345678561,-0.35200848362563497,0.03432605711011805,-0.5553464766731013,0.7841984197158882,0.08919688346806387,-0.4218681019948809,0.9797561217575828,0.8085750838731427,3,3.645189443939463,2.8657981049382486,4.12721677691777
-0.31882226730026764,0.1116416815211354,0.759854013752264,-0.8011305569692468,0.05014853920299678,-0.9868132170245061,0.23137831141473053,-0.08603878799846831,0.17881998865151072,3,2.5555293877788285,2.977827080012763,3.555916369708653
0.045656441180887075,0.8474796237659192,0.9227408111066624,-0.1897550377414856,-0.6840114085814932,-0.8467224446069201,0.2967799841243772,0.9308641583672819,0.686031698727309,1,3.980281801517801,2.4833810085266625,3.557704319739835
0.13173227455916692,-0.8111717655425565,0.27677018068645176,-0.9933417550860024,-0.15243840340578174,-0.42717153371110617,0.33626059441347445,0.7474068191315875,-0.3194916300188906,1,3.577788161602261,2.507237088858481,3.444199568911347
-0.3814605514390319,-0.10481029382193308,-0.7111858085681793,0.18730733123331467,0.9021059619240264,0.5686115779949212,0.5667609454813249,-0.5340772161440941,0.8896767537998582,0,1.7813467988347018,2.909250174814712,2.94338348868311
0.3178827620316884,0.2295099329688095,-0.004713492396507535,-0.050653520334272395,0.25770207132245515,0.6229533363330064,0.6686144281166668,-0.5974686988705291,-0.9248352925292986,3,3.2502098301564804,3.4890334901141142,3.7524686574507164
0.19544012580321457,-0.380554521086077,0.9084152701008907,-0.4051455070313572,0.20654942255321207,-0.4665904903683231,0.23933230806879524,0.917722421611844,-0.11923306639795728,0,2.6114708596330565,2.5587205845516983,3.213410015738548
0.6201175209282306,-0.9433146965819057,-0.12187460302723796,0.7326438872902512,0.7700092457141505,0.6041918037914562,0.060868546728415795,-0.3971918237726726,0.6305777028675537,2,4.456560003638021,3.159329680630404,4.136705147856803
-0.31077445655686353,0.39456098955576646,-0.4226524963979903,0.17565824273031438,-0.6171262321851347,-0.16171097748068375,0.35987309190957917,-0.9253180057091053,-0.952353620683966,1,2.7006013726734364,2.8365540695717057,2.8446214160475325
-0.6222234107557976,-0.2014185592987887,0.4930984632349662,-0.6797899081714713,0.8372592440592432,-0.327383169616108,-0.5693492133349318,-0.5389571732776357,0.46329605530299034,3,1.8449497648251494,2.880813064079532,3.0061511134524714
0.8273621867135237,0.3854086282176368,0.09697616867676873,-0.6948243552473155,-0.042833714946854284,-0.04530758351179198,0.10307774516719914,-0.9282450782127409,-0.6386073723984482,0,3.7206662919213196,2.7579159323985514,3.683469599730432
-0.4988873794226656,0.4580091098866672,-0.6099977463854134,-0.6594442946063725,0.1883100285056689,-0.919105239590023,0.40741839056340656,-0.8271238895232966,0.41414642746061014,3,2.0271505468188398,2.2462694752365264,2.725044381143212
-0.6725777445473129,-0.049462206614876214,-0.44637972670297166,-0.03241214943582382,-0.08052422926258207,-0.4489336530924515,0.3041001656564277,-0.07287274787040965,0.4928621411237586,0,1.667921361507174,3.0141581810870446,2.261256244079317
0.3290398289539489,0.20156850682557392,0.9018998772967042,0.8723985767752995,0.13709847319446133,0.08641204216077036,0.07876436217344929,0.028483852486546946,0.5789365687396613,0,3.42998721159113,3.1402968571967333,3.1148844167958307
-0.8877170719086351,0.7834004902931222,-0.7662488208265874,-0.9562750650152094,0.6662437472016911,0.4802090012644338,0.5716294706252856,0.05484471040770855,-0.20388989616692887,3,2.0398200903092634,3.292294519938074,2.765847127443311
0.18015535539666439,0.47006821012560174,0.5414144214141525,-0.6575878995526725,0.7301616940300781,0.6798913398393702,-0.5862324860271282,-0.029075874360458887,-0.7077541970393668,0,3.006867055121367,2.8497384337510936,3.50864665239822
-0.798006844739295,-0.5463697085739445,0.3612148937572883,0.8303123231494158,-0.10491167409623592,-0.14987257260961262,0.22139684594260034,-0.5691041846888338,-0.049745722705808015,3,2.069108793244195,2.9294132667515225,2.721814061442971
-0.9390922132719868,0.7410639234128624,0.967333415886561,-0.08655723444219676,0.9293713568128772,-0.3584924667703475,-0.9823992007633058,-0.9012122699574285,0.7526436673965069,2,2.4666196913051124,2.5954985584287495,2.595558834058833
0.46797268991252317,-0.7765937998977313,0.4492868079627925,-0.774718445759115,-0.9541573895244304,-0.1420258848458349,0.24330665948845942,-0.33905988690199895,0.7782321349939538,0,3.4923780656531225,2.7806901883879145,3.576359628807211
0.3490114974708902,-0.1884276351528824,-0.9601923286748693,0.46741778995986083,0.6748111163355377,-0.34667960228392913,0.27830703552919434,0.5897019936829717,0.9711064649393288,1,3.7306197335084215,3.126622320464649,3.4712478615259585
0.28397541165833773,0.7517970530880176,-0.6400722724997883,0.6107928352367373,0.2902242674474389,-0.5884760735974719,0.1218912768993099,-0.6759300151691412,0.5855813684463425,1,3.3056565282844295,2.610815009609322,3.3869055533380257
-0.6909854267262192,0.22913044303331365,-0.2139530251374031,0.06714751809775676,0.04562186875080654,0.8271222483203207,0.7689110588109327,-0.48546574084402017,-0.1040759703236902,0,1.6031891354105976,3.4498713399415126,2.206319748792544
-0.21627512425039574,0.21371363093967455,0.6310699899699188,0.87710634271729,-0.823693822907952,-0.1932327205725124,0.8904089993358664,-0.952278733442955,0.8331653961339067,1,3.36832261814693,2.2324181090283157,2.8887882217723804
0.04076649297061996,-0.8668022800202457,-0.017545361250793645,-0.5780541892080537,0.20684151170326825,0.7841417697853819,0.4179280712282858,0.2130567254371285,-0.7541721227710996,3,2.946620579931187,3.3420126940103687,3.550901435960154
0.7499328358184909,0.3591544890845162,0.09332060139158704,-0.11307978256803208,0.62358975868129,-0.874733005794651,0.31740810273874365,-0.33642780133943306,0.7184900905305418,3,3.6125893066642094,2.8245806939026403,3.7733713581451056
-0.211673958427397,-0.9667591260259938,0.40894856085606657,-0.9686744076117251,0.8362571738192333,0.09733003128578432,-0.3666848099847235,0.7486714856233587,-0.46868377630220825,3,2.2935724929798056,2.5819063456094553,3.6163469330043876
0.019644738524177807,0.30183858306508804,-0.24158563637083863,-0.7122491440502694,-0.06691959740544462,-0.07750101672837961,0.7301198822807489,0.8108494748901751,0.267814141728445,0,2.7193472423564136,2.7395610441035,2.8568489765668463
-0.569146715520112,-0.29857280429214894,-0.3414873760825432,0.4751703239332743,-0.2765771241656192,-0.20891222736620096,-0.3904769161608139,-0.8636617961164841,-0.13221289519013402,0,1.923632953676356,2.8170582294276736,2.528736472957067
0.21190815717347888,-0.09362014435303179,-0.10861200571990204,-0.12242095308517498,-0.7972014146736806,0.9091891144342832,0.7325714817203199,-0.7253635865366224,0.3904399419777309,1,3.714648939084888,3.3635127958093753,2.879692245062656
0.6848473864171125,0.7712295154395998,0.7618576885688175,0.3334020679365126,0.765383094668334,-0.7288159065605218,-0.9229516736599888,0.6811486927790202,0.6788840655077486,1,3.9955438381078454,3.899375591216091,3.3681624527828915
0.46399674855119066,-0.13992942190202262,-0.5228079216261421,-0.42499581554413535,0.11403976913103353,0.059602180403054206,0.2030128109846696,0.13093034548451232,0.7726961516402036,0,3.3342161470429907,3.154615129120062,3.2452949059879113
-0.8545733563059641,0.28083104988729923,-0.3890870845124166,-0.9223632991527784,0.5144651612198488,0.919033206103181,-0.05429772209185568,0.05800277564895273,-0.9946089115173236,3,1.969616000090377,2.9484876911513416,2.986548514483234
-0.591688938807521,0.1104421424894726,0.4731485206359367,-0.8605114104464198,-0.1381946341691127,-0.754422723738144,-0.9715632119294684,0.37739129431927454,0.6550852554707207,1,2.6221994593282227,4.075146997456222,3.02776690483557
-0.5404378595387969,0.046702371013850996,-0.02127065714245302,-0.3161452133302358,0.727252883733712,0.05896900539634409,0.5530091962276225,-0.7604056944140136,0.46307019601065,2,2.607846210781112,2.520465908831249,2.698777096322506
0.08748752327840803,-0.6865797758175722,0.8275986469558192,0.8460272089512035,0.2527049020526768,0.7936825936417413,0.0802990766923426,0.7175980456538631,-0.7336990829774206,2,3.4362450379825873,2.628342302681633,3.373674206817992
-0.3101993202717839,-0.332343140304737,0.30851236524772885,0.06260075627996353,0.235011743040761,-0.6576385740321324,0.9896929058592701,0.31278237944883536,-0.4781373212454241,2,2.920272271583527,2.24402133545527,2.7516718766509847
0.666774139630516,0.47654961760768755,0.6997292093354182,0.7252393138350939,0.6905140258144531,0.6599481055814325,-0.816401611235869,0.8871129954116339,0.6828588770921411,1,4.146959097143302,2.3367284900800778,3.8912537855558496
-0.5592300498109788,-0.1919123580112263,0.8669862657208525,0.19605558129729084,-0.38541172278448443,-0.12457352212748862,-0.4715288475498174,0.7583612066474927,0.8413355918052055,2,2.776063961500527,3.1737783525236387,2.8184738980874666
0.42722971872761306,-0.8899602048609982,0.056627583840829665,-0.732052165066291,-0.7219880689643812,-0.32711922204167965,0.1539028633699817,0.005751652759113934,-0.4029156675165426,2,4.551488744470217,3.242867945938325,3.8328206067921164
0.8453780296475208,-0.21618503572511494,0.5367302795275068,-0.05265465061741348,-0.7695993021752554,0.3760117025558134,0.7959512254117,-0.8925123767463397,0.873633466252246,2,4.71783302003183,2.5591980204917424,3.823589354581007
-0.8658162371966414,-0.2756622788570353,-0.8057089445592029,-0.5330723092570389,-0.39764776969420446,0.562604879260183,-0.7915468340687295,-0.5520636781835262,0.6237999260270766,3,2.036878281188116,2.47797796229034,2.42986901454283
0.16097550339519073,-0.6708820672837756,0.6243067389459596,-0.7040081152828097,0.504890694815648,0.19417666713596482,0.7772495865856408,-0.9892994777836432,-0.44488809719095923,2,3.535874916752957,2.822200104555761,3.6968522209985992
0.6220960568335103,0.15193016518313263,-0.6548653684523134,-0.011168470712465739,-0.020308811686989836,0.8660907971620444,-0.9621674806988025,0.040190249923970356,0.011794092093810882,3,3.634484788729074,2.450510421746276,3.9837491724679888
0.7486076475192565,0.2388616757056481,-0.5256655714844696,-0.6722427073159907,0.4188414834351226,0.08937624765431851,0.3116412355018907,0.12370682570676839,0.8343708864852417,3,3.775058678069878,3.297930898774631,4.090670500108688
0.2855684689250335,0.6290921457411378,0.19124931076650942,-0.552780151098512,-0.042864650765449985,0.012167937567285625,-0.8177447462707055,-0.6475444724519734,0.8084848997360801,3,3.467123684899503,2.65334525092462,3.703362553455948
0.7208015154648688,0.13837170219609263,-0.43947860477399114,0.0841181265083022,-0.44508970194522446,-0.6671964821329612,-0.6818236602341503,-0.7957377836106758,-0.9423362948780123,3,3.837098070478903,3.2815312256919777,4.274316291850946
0.14026868734662212,0.8745678053253203,0.7868894988779531,0.3647793708503808,-0.6341499669449815,0.32804036172507556,0.6023647664461085,-0.5419782877372616,-0.9529098899425268,2,4.464764135813193,3.538739155380482,3.168412766617092
0.24668648074149968,-0.9782664510667252,-0.4229965667842639,0.5909537756869938,0.7259605985694555,-0.3798948024771309,0.9015615446507699,0.7722853575285828,-0.17562353236848804,2,4.1726775519579995,2.2417699814575887,3.380429420691675
0.3621204529138262,-0.63541148703058,0.8766014834391693,0.7915835529312099,-0.22305683450391744,-0.2804397650733621,0.8793812401470409,0.6045861453064718,-0.4502549934549347,0,2.9942607502153815,2.584909885567841,3.1863620279572475
-0.1698990574663286,0.6081272807182279,0.1553232722830502,-0.7187223039879922,0.6006178229812562,-0.915031542273385,0.8185490064767469,0.31149242706787383,0.15907342650206013,0,2.36899172296438,2.493212933207682,2.514417525327766
-0.6372287731013904,0.682037710635732,0.9977189612602764,-0.2293849279521829,-0.1742775928510374,-0.020140763490849034,0.7878012166826724,0.5118709780844446,-0.2737925245564856,0,2.098790428154445,2.909264763504335,2.6848134318280086
0.7539199485997574,-0.9880339588398837,0.47401367265243843,0.19810761792753184,0.2938102470187809,0.698271489611979,0.12857947613963305,-0.0044633559804070355,-0.5304029990506847,3,3.527936936469306,3.3220719199500026,4.222871352783931
0.0832780899972827,0.30541344802329284,-0.18234240917188416,-0.9875369243262004,-0.24901926801865337,-0.9780993096769908,0.9544600224406548,-0.5928605192401448,-0.6231070853377623,0,3.05045378393204,2.2963009363255718,3.170721687336238
0.9068606681265508,-0.9054547825152375,0.455227038686979,-0.42371825962199705,0.06764089893217795,0.6489915029742366,0.8519827302336618,-0.5919761066074731,-0.11564671233849899,2,4.532217445682071,3.7631442023416533,4.1689954675698155
-0.8004841210547959,-0.9615521142561962,0.1787517513253385,-0.15248341411529376,-0.8778834032066036,0.46735217619899694,0.9814283882127561,0.58077594166647,-0.8579768169695741,0,1.780233570791238,3.2454761806348773,1.8558294738569656
0.5708206317874047,0.9919195170204915,0.9996006449476345,0.5490996312334908,-0.6371558087519096,-0.36570771337257724,-0.2421994918642043,-0.8970658728812588,-0.9185270526978797,2,4.796285830078239,2.918452800211072,3.90066777163761
-0.9419523753766967,-0.5927135840290934,-0.5087472251366956,0.13128424813597772,0.36138147878101434,0.025320764495033066,0.2460162961645782,0.6444031105005674,0.8488262811674765,2,2.4878044964381383,3.0969302858081207,2.557273939832313
-0.7350990166057474,-0.9043471750480756,0.6722724957589281,0.23865868478204622,-0.32048147432075,-0.28685463345219087,0.3453403620988369,-0.32883583033558317,0.3794580066978346,3,1.9136777687107978,3.0049548076611914,2.804627079847158
-0.23952891898536088,0.18036909805130152,-0.9216221902900297,-0.745110571466197,0.7580230460912125,-0.7720113292795634,-0.7203551852300776,0.9973126514024744,0.3693061721055444,0,2.040516088717308,3.039740279889433,2.2640786897904133
-0.09336914672590568,0.941179059954887,0.4005536895808268,-0.17610868248744116,0.297743843789277,0.4836770265227375,0.15247384443289413,0.20460116521838634,-0.79611981367181,1,3.2288001695688804,3.17097514956708,3.0601545045459906
0.6262419876326197,-0.08615461476978314,0.442433667720759,0.9039267647181384,-0.8563684026130018,0.46045963400786216,-0.8215264935092124,0.6576753014533807,0.7540303871266745,0,3.9094826972220478,2.5661371553582537,3.1807783510887435
0.28955178267364534,0.9456364824082331,-0.029639817029228688,-0.22044471766395013,0.7011167259295099,-0.6383963857122874,0.3670544244982463,0.23106204441605627,-0.24585769253655165,2,3.8444509228035244,3.0158734805068703,3.163987472544229
-0.8231659714451125,0.4047575068817413,-0.3238672981561763,0.34743817092005513,-0.27132349598806305,0.46779926687011164,0.8608329763910028,0.6636724131721299,-0.42618846864286386,2,2.6622937579429067,3.3117002802376176,2.5256973033067793
0.1555580233571503,0.07737174758673815,-0.4204082450894522,-0.9653186965431024,-0.9731181129512092,0.29358871616277593,-0.3298975077062809,0.6456964881459675,0.6829229688274641,3,3.6055974900414967,2.8901236799975214,3.3391198371383792
-0.2648472635628343,0.004608369018147762,-0.48860442074772803,0.4739083860044899,0.35170478896265167,0.24249849955940594,-0.9025349664961937,0.6253219736149982,0.3796082915850212,0,2.1038769537952744,2.751063237068449,2.835246973250303
-0.03961864871370091,0.9733770777437567,0.6205128006041514,-0.09559692595013858,0.007588104661441442,0.6348927004625105,-0.40094752371166353,-0.9189684848564368,0.48931056631693437,3,3.2052624507746996,2.2963861989633645,3.406543844575098
-0.3191163434884545,-0.9091220298185676,0.9789986520119349,0.8806735544590183,0.4576087675722016,-0.06554321398364471,-0.6035000068915652,0.13093055943841758,-0.4973567288592373,3,2.0066523327374832,3.136418423232847,2.9982559964136173
-0.835934289484894,0.23250965471574636,-0.10970257864487043,0.03837561549612167,-0.9878006699589985,-0.352618210505,0.7794950510138821,0.9263675443337744,0.06305461429936376,0,1.8058135369170458,2.65978248537046,2.266140586965869
0.10138935903756008,-0.7998861643132436,0.5366164013800456,0.2469296891552868,0.8511661503936863,-0.2595494417462614,0.7262472051052489,-0.1025201155729949,0.7771719577767817,3,2.4383582366336993,2.963805287261707,3.2834253398645488
-0.30628793350323713,-0.7476152191839827,-0.41651479081703413,-0.8107091277345508,0.0985534177304932,0.1021177605401904,0.9356393280481214,0.6141425702034617,-0.754462042789126,3,2.737149612100219,2.7849330847622533,3.084197711513833
0.17733420616250029,0.631976757442561,-0.4916152349107539,0.6372304964862157,-0.5124712772415909,0.3698579564845317,-0.2390096913484827,0.2075055281153999,0.23510067643555987,1,3.47313170264506,3.1506156072159213,3.237681704464361
0.3399110072735805,0.9596779188935602,0.32800802961298103,-0.4022270616991652,0.9754928320687248,0.5180208513243223,-0.12828158581674454,-0.7644078649573385,-0.14110379712650878,2,4.100463672631649,2.7772460838236652,3.856245892852245
0.7938250666561655,0.2437466087879092,0.4147627939350558,-0.6050857122572639,0.04221966995240889,-0.3079670335175919,-0.6627180064604454,-0.9009089483004329,-0.06227309060248665,3,3.9077479816794503,2.8441615912314675,4.235126718310617
-0.8039274704106549,0.8274055431699685,-0.6565585570447086,-0.25596933878106065,0.21211938842379308,-0.000942780899271467,-0.021303848384379487,0.03885340221862554,0.815704986988929,3,1.7963436973917948,3.1297904628111035,2.676530218687699
-0.7572938654056607,-0.5093181456956382,-0.45513105237231577,-0.6956955492028039,0.6772682012790605,0.17300744360057152,-0.1519820532450218,-0.5838397382924156,-0.24215729419547571,0,1.6579881023341614,2.7932545407178297,2.20242565242472
0.2589669697892907,0.5584944683149891,0.46034731689402086,-0.6509807356252919,-0.041497760527375194,-0.03087723895237282,-0.8161284776555366,0.12889336117550565,-0.09886568234845972,3,3.560633354096146,3.2014176004390458,3.797603823899509
0.42770651029301154,0.1754044061495077,0.9463608316132874,-0.8411067125594527,-0.09788042480595505,0.6459919303492621,-0.04276213171823162,-0.411422183223457,-0.6852977770261888,3,3.8298571324900488,3.12126149537273,4.172781976793216
0.8526064085592058,0.30350275741859,-0.6318743906835647,0.025460817712813055,0.7680715743399149,-0.04388184562787334,0.5378284439997043,0.7446961270298333,0.2677556401961334,0,3.3206923011720235,2.977397013001656,3.6551558171997667
0.5200745047146329,-0.2082437269758417,-0.6862296671078254,0.19950192543278988,0.5575093778852824,0.4156916384192024,0.3547889490694971,0.6476953724127128,0.07147929034846845,2,4.265185017640054,3.1855767981443845,3.941016568914469
0.8331100084580052,0.05090676309334419,0.6933345654325229,0.46922231185863894,0.9730289111616721,-0.9589157407073987,0.06956344764201616,0.9552773341583327,0.7869573140845569,0,3.3758402797004456,2.9328514532926575,3.3929910531303697
-0.7093377073721967,0.7699108229897356,-0.6329086576521796,-0.1949511070747838,-0.8315662239154333,-0.4494153413930082,-0.1962419783402536,0.9996875092224924,0.9986577939476584,3,2.021503730380311,3.014966546935163,2.9974337076075748
0.28340034303165784,-0.30737891496158665,-0.6340246563322371,-0.914581453019149,-0.6286403192569066,-0.4427563880626506,-0.29080885704164894,-0.32672675413208996,0.10968498047340991,0,3.595261203094859,3.090865483784741,3.268088801715741
0.41040507377103275,0.09276422961117503,0.22788745856936088,0.22283721757234054,0.6046691576580183,0.07028893884509158,-0.3022826191337775,-0.20155283414700764,0.6168206762089699,0,3.071528140771424,3.077951093226132,3.217652913818761
0.8197617666008283,-0.28374185495526083,-0.5197468773404945,-0.12647590895196714,0.885397516986532,-0.8076649146405279,-0.24660823104534124,-0.15423224859458906,0.5771768215728557,3,3.5824961550153587,3.4741944411245633,3.8582582997379027
-0.28121593403441203,-0.1456243324248585,-0.2231832810516987,-0.76955516141473,-0.6679375405214965,-0.1669344989868009,-0.6097306010440291,-0.7701314386516389,0.7051148216623739,2,3.487434439016244,2.668618608500565,3.042033903890609
-0.114594487240268,-0.631872831626977,-0.43566350918965924,-0.10321999021373407,-0.303915242374325,-0.7794547550299253,0.593690864926187,0.7339260171266706,0.26335726063434195,0,2.655121622247218,2.50009025167342,2.8687560418990286
0.36471517539473597,0.5499949086783005,0.9707030786741413,0.4446364891443173,-0.8801648815492122,-0.6097523327007148,0.9975864955071729,0.6803574896166853,0.1641912381517654,2,4.70522400819585,2.002858221942737,3.841681593531092
-0.3615639249755447,-0.7447768094770004,-0.3568101081476236,0.0039315960559946905,0.34553821471569335,-0.3739724976466192,0.3378706920187762,-0.3168089292711347,0.23140091561785625,2,3.0723026824443993,3.0055590348293473,2.7440816724103505
-0.36314646512828075,0.7156677438396137,-0.022555617325380695,-0.7407567515335269,0.8586711245610124,0.8173742072593237,0.8462095631425346,-0.36817454754860846,-0.028037707804323686,0,1.9380272866059844,3.4775852428761302,2.886325174458341
-0.7257213599290708,-0.6491099291805968,-0.23531196381364516,0.4466816354354426,-0.41361133354720425,0.4232063452285162,0.3621022658905131,0.3247124536372614,-0.17884643616599383,1,2.426857703704318,3.380702737805682,2.371078061631016
0.7202413675589554,0.6069069913322682,0.9235215555220897,-0.9366473850132553,0.9667642558453977,-0.4603615534330854,0.7144625449241069,-0.3597023124985348,0.9315764496800054,2,4.610168609630407,2.6629200261884485,4.032075748114417
-0.2401097479676897,-0.7005822336916838,0.14121480348336446,0.4897539364327099,-0.3915112747093874,0.4513382087832831,0.640139588943677,0.23316390245963436,0.8507587959718994,1,2.8635577248840156,3.6363112659142645,2.6390167074639934
0.7506814235216186,0.2429276795534625,0.035388885069198794,-0.8985430815761677,0.9630168081432331,0.34145786202572137,0.08707183977240884,0.6745387878484406,-0.9075398935978967,1,4.150710585433892,2.794694883790565,4.042392513579166
0.43000204947371246,0.8230228716467944,-0.2828156022226014,0.8975501852050309,-0.239388353708466,0.10535532581714802,-0.24033399530132527,0.061898239317581316,-0.49474395452811737,3,3.66004646049402,3.1190963608170272,3.949402495566778
-0.5307305594171006,0.515028288759585,-0.01773066746991092,0.8297487044188014,-0.5287507734577748,-0.8067623953053704,-0.06895434609164774,-0.8737475508541492,-0.5863079800878832,0,2.1339308430423163,2.911991948261802,2.789207371542954
-0.22714452126811535,0.11933217158187426,0.4815721803944002,0.2585159784566715,0.8169385699242802,0.5044829369676562,0.34431237776079016,-0.15522012498029447,-0.08762028891274998,1,2.6355067549513267,3.419163337136833,3.0165397088360715
0.45170313549878527,-0.6899996575723777,0.054462379736875066,-0.33927309369313075,-0.15005721487520773,-0.625630310117339,0.9048327593239336,-0.47554050122058045,-0.6574755872622693,1,3.9004868959657872,2.5539053123409334,3.5022540805932025
-0.6527696384758088,-0.9221107754264397,0.7995362335615546,0.8841304360723441,-0.806680749446355,0.12410913845935512,-0.21232761674745038,0.9412104420896694,0.7441516344749244,2,3.0335336018567896,2.8636589264065373,2.4611713242061364
-0.7601864386731894,0.29891694706943306,0.44036386258699833,-0.23735103812040537,0.13038660813222847,-0.1765497259703348,0.43835462540504055,0.4020238506131648,-0.6481658559143175,0,1.60986678471568,2.816090659579111,2.2788540906284025
-0.12942733477509138,0.9140595304971664,-0.9461973929615457,0.06860761967657902,0.6333833572882648,0.8929049914961189,-0.4651164638551051,0.4766787421917902,-0.22220705640117222,3,1.852614162781607,2.5592501579486346,3.7355348428992534
-0.9852129036256105,0.9141139574024832,0.43010274937237436,0.12736266863053491,-0.7500583876589648,-0.39456070608389004,-0.8503665778304224,0.6711792655561075,0.8632394860797892,0,1.7652581029994703,3.430318600192662,2.199197357641628
0.8591691756684572,-0.8199056152002604,-0.4912940554227141,-0.16685442549373852,0.5809426702216771,0.6539161208174573,-0.4950677438413418,-0.72785531784314,0.4001504750355964,2,4.392111446650767,2.3253663945765943,4.247172777784246
-0.6721149872834247,0.5783569306837066,0.8067571289673152,0.7941417698592235,0.2053755466510836,0.36823105533862566,-0.019819079364630898,-0.9895812760514788,-0.8460210450034773,2,3.0237401744625094,2.6957939834170266,2.571775145717241
-0.40061981919998946,-0.7025631078095285,0.8847204980457919,-0.346645455298332,0.6024582846037987,0.5131044865598444,-0.05281358984845941,0.10387053653791956,0.22254550245167493,0,1.5174810854506233,3.055315214637971,3.024152679414473
0.3377505442111286,-0.7922392412579067,0.5583398637350883,0.3654442245747884,-0.14602339834284495,-0.329182530098012,0.5725718340254233,-0.5317864380864925,-0.7254507207606491,2,3.8517753566402044,2.9840220345290507,3.5171044195249093
-0.26087257037322265,-0.973049765312433,-0.701731987184675,-0.5561559116660464,0.7911403184838945,0.7280766841273469,-0.12169933619146711,-0.9017453728227796,0.09919594111134167,2,3.5630651335885073,2.352269936884771,3.196695398028009
-0.860507963382356,0.3283308050914533,0.40320731313389513,-0.9541426510419528,0.3459361961904255,0.44740495008962666,0.031920698582758034,-0.07634318960754505,0.6202455713937327,2,2.8049288328373363,3.265885833469004,3.1581591734891354
-0.6449642723194082,-0.006414399477286059,-0.49113891459554493,0.14242586202209684,0.5854405201114541,-0.3070920192102897,0.5092960936842628,-0.833358823087498,-0.12827192045210012,0,1.5223070947588055,2.526011453995426,2.215198552865816
0.15892409219918346,-0.769110061576991,-0.3525189130549973,-0.22374243375770297,-0.4307326140284202,0.8732071437253033,0.7257136574077052,-0.8469396160811242,0.7629978834433702,3,3.393244468195081,3.0770715003669045,3.2402161172096173
-0.04383805372882654,-0.3786888701215687,-0.45081098415642185,0.3112784850129797,0.2252800869638445,0.7346426851659758,0.11608875248466388,0.012671772677684823,-0.5480928526686792,2,3.589602164130656,3.481917420978397,3.3545933441577547
0.4421464044482739,-0.03996331461334468,-0.7797604586471443,-0.13893742548495092,-0.5428433979988623,0.16628001654770497,-0.648407894373179,0.8708198221534704,0.581210499530352,3,3.643309913271224,2.644466586710647,3.758339406169109
-0.45261625782963755,0.5731915137014261,0.012950873937839447,-0.6531826301078094,0.2383902589450846,-0.8692386474025795,0.9305657355744648,-0.8070538646884475,0.09237021144639468,1,2.5482684482330082,1.7559292010422727,2.531666118651816
-0.01738148630626979,0.3589872249786328,-0.554261640322294,-0.6458283269976159,-0.08295732670411082,-0.3373400948308336,-0.7756668164179055,0.15187691163311579,-0.2033030374181588,3,2.7791138518465726,3.399455394740963,3.330345761928907
-0.9943230105078646,-0.22977327447595686,-0.9217584275512218,0.882919681375167,0.2189740013845547,0.8456177466587607,-0.8295705879417565,0.21600763113537158,-0.554979084663368,3,2.0193419343030556,2.3939908044089955,3.6507442315450485
0.17503845054375544,-0.001136394267773122,0.26363915364113377,0.16348790728909202,-0.47525762449270403,-0.7012769987726062,-0.30794999032484216,-0.970369204020938,0.13280183047311978,3,3.221133594289643,2.7305018602624846,3.71895410547875
-0.5330795095126124,-0.04924451874903246,0.4748978268896631,-0.17282682531731908,0.003030747699881653,-0.59206219499118,-0.6327847016770247,-0.3915552783852656,0.007869361798121366,2,2.7611094079244864,3.698890780001491,2.79012391318092
-0.55952397016563,0.24112634344267025,0.8258199001763689,-0.7224409440236421,0.8565831906470145,-0.8494335699140263,-0.8398223911481804,0.12101118779115305,-0.013263890622390972,2,2.8068448128577526,4.228042188295392,2.9909643759009072
-0.8526408749655912,0.6461389290756192,-0.2636489711701795,0.7000029454352363,0.8444259958729423,0.40904052013260683,-0.9393423555077329,0.18151466585827114,0.2523100060453416,3,1.7605070862603285,2.6668102777384592,3.19215401175266
-0.7621142388917193,-0.023553516706812383,-0.2024758933969375,-0.3029974874719439,0.7094988300871172,-0.735922450367398,0.28797970962730823,0.417174390717165,0.6507309174706193,1,2.0434313706114704,2.8594487540789633,1.9763196889244643
0.017962755707821243,0.4861660497769238,-0.014866576488692829,-0.06207608473831372,-0.6171873443205089,0.5479214549978728,-0.5867036193939812,-0.028607663196400956,0.8453732986162668,1,3.3303975969276287,2.8603121673152896,2.757756392780026
-0.8888546828897543,-0.29739135222497204,0.5150851880804606,-0.24736663695388983,0.9373974503346307,0.5308217253246874,0.5442629908943999,0.5183859571897804,0.022347576451738682,3,1.5890386322183787,3.0255938976643146,3.1081745258426947
-0.3324904601027783,-0.6079698353726704,-0.23532159639532968,-0.23016601673424208,0.3859527405844383,-0.8020362471548501,-0.5396438820574261,-0.19651979111112805,-0.09567638106802168,3,2.2863866700763755,3.534315983492932,2.7953918823762507
-0.9371780020169862,0.03716984664945344,0.86303837011988,0.9245562330534034,-0.7410087084680776,-0.2363072765613654,0.42819280707051277,-0.31035740535400413,0.028221502517072672,2,3.034438960724585,3.301765920108759,2.4440705665895304
0.47598666330608697,-0.24798141644285243,0.8903552618600181,0.8242194221664105,0.8483948120677958,-0.9666092029432849,0.03903274262289713,0.17872097899380246,0.9092758903364548,2,4.166868012671594,3.450482173642069,3.344946626744114
-0.7298234982569745,-0.938600036287055,-0.1067463691220858,-0.27050921023421437,0.23836902879538546,0.28171880264937865,0.43967313490817883,-0.32430988072139355,-0.016776997473025412,3,1.848997970952292,3.176854079321551,2.710991598621386
-0.700785556859796,-0.7360312942097811,0.6877233705719892,0.46531939070063344,0.8857834298158636,0.37948214076075204,0.1873652729421975,0.6968030469645021,0.38864744864341705,2,2.404661687788265,2.9034366851711617,2.7393388885481778
0.7002453227284364,-0.16253421094413367,0.30718932808700816,0.625847386572655,0.05626894773388824,0.08264882531825357,0.07372631876628777,0.8560240101808356,-0.30404727511236684,0,3.5859799684459777,2.6541315760208484,3.4900870008064513
-0.07342879679880365,-0.21539469371694597,0.3821838543792879,-0.08085677050629592,0.5250859528628398,0.10411434038209655,0.8529211466355027,-0.44081232858429775,-0.7274168228620588,2,3.231484974975003,3.4333702168075795,3.165747243603179
0.14423563181212806,0.9445523531679392,0.17549617940109052,-0.33350248509395564,0.7895256115860441,0.21010191275833745,-0.17608877071836293,0.31604628629704234,-0.916345791483014,1,3.3604354080987755,2.946153269917896,3.2783873222766595
0.6808266080508809,0.9607965165131149,0.9957366749518852,0.11318710757996997,0.15540534887577495,0.3288858813580624,-0.34730394077749516,0.5341652795064129,0.07688413077280098,3,3.7043282932452803,2.896801288618181,4.14299784677187
-0.23532164992755678,-0.578347035238638,0.4080233407935576,0.03166465686284714,-0.392678558721385,-0.5075059066822571,-0.2288304633330691,0.4581834761613057,0.3208667545045405,3,2.343132062046279,3.2052551096871884,3.28062505943743
-0.6761581636837073,-0.7485932850740242,0.04241585756578914,0.45156743990366244,-0.08725364089109511,-0.5644685869949653,-0.2445771803443353,0.41516116634799505,-0.2134984302206162,2,2.7205430491979046,3.3078920107927083,2.626606629971594
0.5881119280315144,0.8357435499297339,0.7748854312973583,0.8499319788976567,-0.32335068224329344,0.704665912518663,-0.6145993137631016,0.9835572626730942,0.34963465767975777,0,3.882272175998443,2.301439745430116,3.200056781663045
0.9713532603098773,0.7586642271689545,-0.9485694613455873,0.18744450565198267,0.7555836327034022,0.7704992797845425,0.3633367874318454,-0.3585818538676453,0.3999213966635575,0,3.2532693099385552,3.3675366298920326,4.197990968464985
0.6174550073264691,0.8229079793707674,0.8905811638747243,0.856842792848624,-0.8579496237516715,0.6325189676215106,0.8666106696490481,0.7562073040059349,-0.7184331722087813,1,4.619327425954999,3.022888593375786,3.276969273999415
0.4484586208987813,0.7934742005104021,-0.046651836581259376,-0.924366251596938,0.8386778349782837,-0.6509961569340619,0.248513409107604,-0.6699459502976646,0.38634175018880956,3,3.5583173376715664,2.6939600731475823,3.595271032337488
-0.8511272971867858,-0.7390085101769925,0.5063897394156893,0.5777814623336059,-0.05008051477906772,0.3121174398041884,-0.8003512921605278,0.9245381556548156,-0.7479767840214571,0,1.6947219623559466,2.3564377054782697,2.003162993119866
-0.005699739195906162,-0.3310379077982013,0.5677958018913962,-0.5974655562052429,-0.7383961633962788,-0.5047469905871311,0.6830604290826738,-0.3035057834684918,0.06887647542262965,3,2.9501602671461065,2.798146958029499,3.8423863003961083
0.01055807818092247,0.765006397868808,-0.7491500376134659,0.026798354526732515,0.9433357227849781,-0.07031067658645518,-0.308403315199576,-0.3402499417315985,0.4981731964973377,1,2.487994044517249,3.0737325502976995,3.0563966636436835
0.9993700467864475,0.2573172511681663,0.28570868125997695,-0.4534137065523951,-0.8127329025373489,0.683016418006736,0.10169339286756074,-0.8163736523409924,0.4469554313641695,1,4.407713871218585,2.438905871709005,3.721136110592644
0.5725174851244186,-0.06948418462205486,0.46234481028294727,-0.6617353994924164,-0.9943598182898306,-0.0670854158678944,0.4999054027272931,0.3710878013962595,-0.7175681002596244,0,3.763857749269384,2.739928406702546,3.5842294862735606
-0.9795280208259314,0.07081420758737789,-0.37692175845374964,0.8295157110221776,0.12279191462062933,-0.31141107155711834,0.5579168571608517,-0.24034641196022788,0.48689066064421294,1,2.3668277995456637,2.9161897369730854,2.7050841238279775
-0.5154697057042941,-0.5250297938386408,-0.5484113928696712,-0.3399592133748468,-0.8790417376013573,-0.38650463820819914,-0.3058495351281494,0.7005018609219626,-0.5525381262019335,1,2.808251305156326,2.8961653844532353,2.7169695974856936
-0.04466532399853995,-0.923234947165849,-0.530353101080554,-0.6366786396762902,0.698402131106288,-0.25510605594277247,-0.6857945490707904,-0.4273693699061636,0.8180514266439016,0,2.827834652494066,2.9704273726722934,2.6144205098176374
0.9129511980913447,-0.3637761801151127,-0.3264825825438671,0.375838722047418,-0.15541118027590728,-0.5279369658493556,0.779427956216834,0.5986855483484343,-0.9960128792159562,2,4.635387553026726,2.004182675869188,4.167510721104536
-0.6689492782408533,0.8201100863514121,0.4158892867451307,0.44447481005539036,0.8477446028775097,0.8771531268206849,0.7726695635327148,0.011010917916701501,0.09553519985816439,0,1.6465331625717259,3.5038527727577398,2.4460699767707537
0.4282080920876721,-0.37496979988414325,0.12331477621830467,0.1121462038172103,-0.2805727353239724,0.6142320240105954,-0.9990448045235916,-0.72577098756332,-0.9106805707612613,3,3.5118241134123602,2.4190984894180008,3.618083602027836
-0.9828974763320641,0.048539572313031076,-0.3922077971895621,0.7367693571965304,0.6088161786071273,-0.763814537456611,0.07728527622040837,0.8443311605302071,0.34644982835903426,2,2.594432662278243,2.5228471241343895,2.5840687285514883
0.1825025098546107,-0.027253405883197912,-0.950918484456071,-0.41770830230240796,0.257823178798805,0.8769045611640165,-0.9304240997680495,-0.5225348839619406,0.8495990174191024,0,2.8715887856984574,2.170000326837494,3.179106416613138
-0.5591590571652312,-0.4374527671411328,0.695080036137536,-0.337599466173262,0.9280477798717102,-0.6495550464626658,-0.7643855994042641,-0.6956294108158547,-0.6661143021009188,3,1.6780960242084306,3.2896627623802557,2.8483930525315464
0.20131821792358573,0.8835728218286891,0.7976645847462964,0.8139680252909574,0.6149245839887902,-0.03628541494639337,-0.9198154646848997,-0.1292584990643475,0.3138835026274609,1,4.015249038705102,3.308382037532698,3.143928679413556
0.7695148317917615,-0.00489851002627173,-0.6617501170517999,0.20170657805876768,-0.5310108671193414,-0.044345505857632306,-0.15812107691782717,-0.8861969673070695,0.24242577821151112,2,4.663375477410274,2.403196074513937,4.020833031325361
0.7017180428485144,0.9518436161834642,0.7491244203670739,-0.847616401550157,0.5465570124988297,-0.4713686113331734,-0.9242607398880656,-0.5134428075418305,0.18843788681089602,3,3.896336309250864,3.4185149715001297,4.17596921499918
-0.16803634508926635,0.13158080498474978,-0.22269503336098606,-0.888131395357316,-0.8552451528877985,-0.8630888303587976,0.6578384571974341,-0.4621810590616584,-0.5971232471040682,0,2.7356784321209786,2.6770257318935355,3.02357219384294
0.3897491472801271,-0.050377338816591566,0.7450776989765326,0.02475824302853291,-0.9885032177074307,0.6299782065993298,-0.985780959135695,0.32463051470582704,0.43016885649107195,0,3.388540045363386,2.540919409230132,2.954175678958781
-0.043927841762545716,0.12309826131562085,0.2431686408225311,0.3974649076579493,0.57628143330681,-0.13658183468499874,0.32681388686099333,0.15987730977438952,0.935278068509191,1,3.010513400640374,3.2287541212487367,2.8687318665049455
0.7603757199820973,-0.7570366982368177,0.0907260694297245,0.9983549589812148,-0.6286976280231751,-0.17387684135191162,-0.03097686386003562,0.6518933339931858,-0.21835023560389732,0,4.001055792045096,2.686425043646849,3.726115679686747
0.5212788148848704,0.5887946254386498,-0.873131357955462,0.00013876640961085762,-0.8215286546101126,-0.2536398128676354,-0.7047433101961962,-0.01780331228225096,-0.26159243516544683,0,3.2126298580753194,3.1621633091468833,3.5638595286207124
-0.15182468172247754,0.6512621319716012,-0.5552277085749795,-0.9539812703924417,0.04443886140942932,0.06338817690162668,0.5698820279865955,-0.2920855495923722,0.7741861299149448,0,2.336965713722139,2.9763554369020566,2.680911241670467
-0.05783358495519453,-0.4164787015495086,-0.9045218513551507,-0.7388732180872544,-0.9842270294693298,-0.1445740340136732,0.010866139823692667,0.8278628397657992,0.25957718035664956,0,3.1887952226265206,2.781119938545371,2.8393488742585316
-0.7341879017947992,-0.909160274018703,0.36610590637389184,0.09371118097844255,0.3415847842815094,0.9796616996932455,0.36111995209780745,-0.5112105016156079,0.5046806534251902,1,2.069267359700698,3.1971592166229947,2.544658934338986
0.06194476290493811,-0.8342152300254597,-0.7801803055149665,0.8649167886263676,-0.20301522917460346,-0.403656309136597,-0.24605886555229795,0.7907601232108861,-0.29609761397614465,0,3.4484712620625873,2.7567198524566945,3.403817241480724
0.9798559844259904,0.23780002184715765,-0.9994064359694459,0.7634273495489392,-0.004834300310094797,-0.6767361091054127,-0.6010082308153402,0.051112292526893865,-0.24199275663503927,2,4.750670955231641,3.935341567522945,4.477499782470284
-0.499866992556957,0.6553872287384395,0.8710018505488084,0.9419179582766362,0.7587270690427792,0.010476205960683549,-0.0977354768561991,-0.9603972468146895,-0.7078786835232933,2,3.287788569925352,2.6326752248875054,2.676903326097741
-0.3082584299223654,0.37088633610555544,0.06503110126906364,0.8494440062284732,0.2508934136404024,-0.5537878521918382,-0.7358211488131081,0.9267634912784379,0.7675610596888658,3,2.5062375469877747,3.1443485379362146,3.099453662902943
-0.34462421613071936,0.613946265105888,0.2850678401397595,0.08417859789582893,-0.8621748512119312,-0.4692010230177819,-0.7609220320641814,0.3508017754763739,0.5696633573381371,3,2.586800597083996,3.563741326368767,3.260764359019982
-0.6286445162285972,-0.24584665654291205,-0.3203459142091709,-0.06576798821796781,-0.12638144533710483,0.6221859257232452,0.053575963162781015,-0.7839828173356032,0.48906891208351255,1,2.338577112656693,2.642378322866603,2.343864977017595
-0.7500478871176117,0.987435709879654,0.6176862404154151,-0.19146252227433513,0.6315289259069841,0.16719823183894067,0.575986510864235,0.034053664661851,-0.13375071169928665,3,1.94660992116836,3.1683884290995152,2.992910869026516
-0.30664919881090147,0.5070557203311525,-0.041495386309139626,0.10037007651549512,0.9790417639260169,0.3333762908661666,-0.5690360463160062,-0.6216850831583713,0.45645404011595936,2,2.7962291678334728,2.425880242039628,3.0742352992094704
-0.4431108237229293,-0.13228758988066303,0.7450422865687618,0.7752353767538391,-0.4524370375255953,-0.6373903245763808,-0.9750190480382244,-0.9327550014303336,-0.6714183726629983,0,2.134084311517969,3.289783222070192,2.559733478284948
-0.09790336947036304,0.41891783566254426,-0.02418558804223392,-0.054433269228889136,-0.6475611982707206,0.07823149806649576,0.5162728680410669,0.3434533473050767,-0.003708593796391435,3,2.7892710678431327,3.1463649591639853,3.1917904115684506
-0.4650175563540808,-0.6982342622172151,0.660996778748427,-0.20516697480000134,0.6052643061972229,-0.8061544278211492,0.8251017244885333,-0.790056654223938,-0.08196581612462861,3,1.7467116710011794,2.0832528740009146,2.8390172874253414
-0.38696995957935165,0.557070548442496,-0.7032348483374802,0.14569856138647408,0.5322627608877775,0.8332257985472196,0.3635563857883646,0.19781994388892477,-0.012516242278344025,0,1.5987724022663705,3.2806634621243473,2.8974205853249173
0.8486050046899296,-0.4955696130308598,0.8977583218385254,-0.10440565687339998,-0.137047167085101,0.048268000211079354,0.04727456460057344,-0.9062874313928739,-0.5396868181384253,3,3.7231761792851614,2.73285915181926,4.286039892102531
-0.8060508873094574,0.3921793336893873,0.37800768393509987,0.9065344006008567,-0.24022576874568902,-0.3320436226601591,0.9380310813987487,-0.49431705763200773,0.2699349709572467,1,2.5481721929620806,2.662133496535046,2.43267221843707
-0.6052948296387255,-0.787592453156533,0.6282933920924139,-0.8958512583035638,-0.5296408706972222,-0.4697323372395188,0.7830272323307701,0.9387316638611589,-0.14498212963265922,2,2.973930534407617,2.0499624316042087,3.4210125342654973
0.7773846381157703,0.7575849372670864,-0.21081992820427886,-0.03564847096908452,-0.4003603909717959,0.7110456197048343,-0.5716605265846559,0.9290300806553791,0.8865792907777115,1,4.180303076022505,2.304194748432524,3.536421065935397
-0.6579013736914108,-0.43186946378745605,0.7393351251809617,-0.37132170067425085,0.0815500114781571,-0.28284564946701307,-0.5083600116337184,-0.579335483881581,-0.24572224334491177,1,2.1971979649637987,3.1572450824821656,2.76301912861496
-0.04192073143017683,-0.7990692921898679,-0.6227944125205869,0.20028856156812935,-0.17269036322177445,-0.9745040438559256,0.49812372645101854,-0.49252493214974336,-0.5727114775251656,3,3.178283378422991,2.6640280369114784,3.5588450344132863
0.47527204122651634,0.35389725709620623,0.5232986567451758,0.9814249567100599,0.24394887610870586,0.04088078850706878,0.7623974045674711,-0.21559868744887178,-0.4418329743054721,1,4.243089799634627,3.3474755844391164,3.471801568340766
-0.3658628593159221,-0.2865826761080066,-0.41556091874135515,0.33216178629166504,0.5116591014458414,-0.08198473529066708,-0.9833449225265924,0.6134709787486381,-0.39468113467639476,1,2.5580241157484225,2.8341362400660737,2.7497808271378608
-0.054411802715403024,-0.8393907480422498,-0.23483028024621522,-0.28069249616364855,-0.5074980086239913,-0.4578120227030906,-0.5914256692718036,0.8567053879846276,-0.3156888759560612,2,3.769595659705991,2.8793864764168187,3.2566400646408598
0.7860706715146708,0.9256113409215678,0.5628269991092576,-0.8081423237489227,0.567715447232428,-0.9822873652368018,-0.7350466230212946,0.6883038408181157,-0.21722994623132652,3,3.8700849876315004,3.5315244737249305,4.049691355237817
0.6317913904465198,0.8376886572852824,-0.7852689702549611,0.1822156123164973,-0.7028702511334686,0.5237999885571414,0.4315951751015814,-0.344053598613294,0.15807783477272097,3,3.5081459881711474,3.1592015901599897,3.8427897883792617
-0.49560632279168293,0.42422788186893046,0.7376573628534588,0.10200597165790604,-0.48929482107550837,0.08124883732612376,-0.48885396588230523,-0.3687157253934319,-0.27428004460458233,3,2.36779198173072,3.14812127909318,2.964902649525544
0.7094667717148728,-0.8068536085556817,0.6948230353986466,-0.16587426710606223,0.2999378147260541,0.5168301497921444,0.1959803712559105,-0.2166402421983269,0.015396043273681492,3,3.4218233152400774,3.3024921456392096,4.239590878647063
-0.8910441922894405,-0.4830045736612727,-0.5224284799180678,-0.6041444719067512,0.6983042414298453,-0.17441602291533886,0.9110012674589409,0.128656343647513,0.7497065066881841,1,2.136240229582109,2.9577940695602614,2.0782989584035763
-0.6993931019305553,-0.0007593077957255279,-0.8537281997768118,0.4311483269887042,0.6099353382946355,0.8517758779064792,-0.8128978274488341,-0.9835277429038662,0.8968760110240446,3,1.7847856135570443,1.7037126511727296,3.5203230521541347
-0.7740156989073543,-0.5169470481405898,0.8125630324170343,-0.9741585532439696,-0.4229841107949375,-0.8457102437724788,0.8605266951676984,-0.627440491166156,0.13346955026709306,1,2.5911752739104355,2.135827472708916,3.4200509840481335
-0.8047708256778476,0.7423805283760576,0.36408426319103837,-0.316342331193338,-0.40854192456590055,-0.6727475505008897,0.3399706161246505,-0.9705211710324255,0.6327436903652459,1,2.373630908612941,2.2297050041213606,2.6439560026306057
0.2214697102301122,-0.07806352804553285,-0.3878699316040004,0.6186858680984479,-0.3336899591219047,0.20255998957029875,-0.9010352577065819,0.5715636761289107,0.5711852552830445,3,3.4074753665406785,2.864314304965675,3.676419190676031
-0.4947817355059456,-0.24351418870006403,0.9573044452378456,-0.6107143019551606,0.40206570949981413,-0.5769106884769495,-0.7153019166955932,-0.007968720006071406,0.383755102743663,0,1.7239510574836723,3.386957450890237,2.8000201082281286
0.6982409644407841,0.6689805552769912,-0.648390470761185,-0.1948774548781349,-0.3232260256891939,0.8860522181393318,-0.362520751129773,0.41923468382097817,0.2815007104517877,1,3.988742419029465,2.7512753636054583,3.482858291497057
0.39761366368158346,-0.16313800394234335,-0.36397884904970934,-0.003911881456005517,0.32645788217785454,0.9578339737547898,-0.20037442986115406,0.5346674254655028,0.39929867680507236,3,3.3803625505838744,2.89966383142569,3.9471016206200984
-0.21484092937327648,-0.015392617359509586,0.6607613523565277,0.8292132672129429,0.4913499675328177,-0.3593120407207917,0.6857428136922332,0.1321042592022985,0.683314987290583,1,2.9030688021162234,2.994052385502999,2.6367978820235205
-0.4748231018045841,0.6616598535528302,0.8894753383368392,0.5950682849583566,-0.59712301478721,0.06712842892281712,0.12248113530093807,-0.491189319031194,-0.033305043377019006,3,2.7431503576065692,3.076051063988664,2.8738822151293966
-0.8903484072513597,0.17535676140317014,0.9000179291237123,0.5631326404850192,0.5189098047705747,0.9233556928223108,-0.9631878589504852,0.6847376580561724,0.3402499001671022,3,1.7980462395029655,1.991518641541071,2.87745918934066
0.2862901046073165,0.19117192532086857,0.1327497320409048,-0.8010601158020212,-0.520367899449411,-0.12267461908209176,-0.24441060054291053,0.8900574512446864,-0.006377005275187253,1,3.9902390029507413,2.6070147157284995,3.4470966309015516
0.9829250504867213,-0.7721961133381394,-0.09373159264802511,-0.0954359726210301,0.4015393586276612,-0.4363422221362039,0.06249913952855635,0.7394025700380347,0.3410596356330191,0,3.440334387092211,2.9282345226085265,3.6243527249779883
-0.7156166861447053,0.5406331424424498,0.23810437408304708,-0.2662467596627889,-0.28523830118730453,-0.8338853907939614,-0.85761733249283,-0.07586033127642455,0.733786482818648,2,2.7488411955809084,4.315409912863795,2.767275535450943
0.6847087903015976,0.3005554925465801,-0.14488234581221704,-0.4220905369695731,0.5484055401342032,-0.1555786712755427,-0.11233360298534345,-0.80498385053142,0.504076925300432,0,3.379311997965407,2.744402178554865,3.4042254174033824
0.3758690381424459,0.4106359068726648,-0.19826650181635896,0.391346333349166,0.42113919200776584,-0.4964626998980799,0.4809707600794231,-0.1319112792167214,0.17021395627394065,2,4.041183621224406,3.0785566803465314,3.4225239721019807
-0.17215046041836812,-0.3808012271951837,0.7559323211195867,0.13443071191657086,0.0019731305211341255,-0.7583068531685215,-0.7416258867561087,-0.9787880007109755,0.8701074857251503,2,3.05639916157119,3.016457275600661,3.0763012259788662
0.6613362603157533,0.7022892211343565,-0.0825902513531811,0.09316787000733617,0.2927451938900647,-0.9836964852887642,0.10523701779475214,-0.4293899037769462,0.058521290909501866,0,3.3608035953053523,2.9588192037219607,3.2401144722218964
0.44825511086533676,-0.05755299131253744,0.2412794402587577,-0.8615605030934361,0.21066949505297372,0.6445932292494663,-0.9847052362654605,-0.0634120481252467,0.8613184478462894,2,4.439447893631028,2.448013101446423,3.8774167978065472
-0.9169802415099424,-0.781900250308895,0.9961864978530259,-0.8220634705575356,-0.07083265343799394,0.16946837653736524,-0.5138235513164722,-0.604144570122481,-0.9551001886125383,2,2.9852768885392456,3.1406685782554487,3.348358916597749
-0.24311413382908875,0.8982568079238245,-0.2495356814912928,-0.27415698802405064,-0.8673902122862982,0.40698967101328365,0.5000677396292079,0.5340259790269675,-0.7770421053829337,0,2.2346249586123914,2.9816584796459638,2.318437142996407
-0.9591768479277998,0.13633544686813504,0.4229686450565202,0.5811182696944226,-0.4734992637283577,-0.29707171704623625,0.5545059949127995,-0.46648192223035645,0.13230174282131912,3,2.0366627289781567,2.9469545005462674,2.6041268441671734
0.6880827297917509,-0.6497768622912192,-0.05999166111474863,0.20721649286788346,-0.2561232747670321,-0.37134566054937124,-0.9336245600514979,-0.32814185666734574,0.865686728335922,1,4.1614334382165,3.297462786493969,3.720907938194447
-0.1020350996366104,0.06143321740554497,-0.8235977357907633,-0.7116585199067902,-0.8897021674216623,0.7708026796664473,-0.7034420495898366,-0.6304667717789385,-0.5724186647917973,0,2.7373773231728817,2.585841448478251,2.391723808907697
-0.016674014535632553,-0.7983876881963339,0.9952547720083562,-0.9965347843037808,-0.33629912136748197,-0.47904157955424953,0.28878945808899714,-0.012748187134739464,-0.7936580722054758,2,3.36536161825415,3.1621497833404257,3.9607750929672334
-0.8234828391422011,-0.9131965433167804,0.4027109633333603,-0.5866700134989324,-0.6279308710300167,-0.6658194012142602,-0.06399218966900122,-0.08935847759821725,-0.6284260900344372,3,2.0850415666344397,3.3660418825145513,3.2509768084997503
-0.015340819285532215,0.19616568375083165,-0.8255108965485742,-0.8487271270027124,0.05521274728475323,-0.8236225359999698,-0.18737334182171517,0.2474172730910167,-0.958770859901408,1,3.2333135715338206,3.1853953380472944,2.915475119513218
-0.6633811866238339,-0.31860639699140303,-0.35494928267483283,0.8829158757790441,0.7881436704648002,0.9915405237198283,-0.8391030407302318,0.6110397729598533,0.5331641931803075,0,1.7647807822686017,2.2206586766014977,2.9551087210810323
-0.08202379780446045,0.12081219597425141,-0.969197470850615,-0.5577061799120999,-0.6402840669686514,0.7506968415467783,0.993893910049547,0.21207274624883454,-0.9971798785907429,2,3.587926091467528,4.114788680419586,2.8263778807937494
-0.04585669776718215,-0.7381008654964376,-0.4560361449313075,-0.6521278107160005,0.3095677307138769,-0.6735911297552428,-0.7784522976081301,-0.8584205333634087,0.23023360909008295,0,2.811611858153093,3.0411380562287427,2.5996310962738227
-0.6644769823374692,0.6462122767035063,-0.9860521302189873,0.578810471398679,-0.27188373120336706,-0.48739885747516554,-0.03731207884258825,0.6240670983655727,-0.6701628075752413,0,1.7375787369241527,2.7903487854322657,2.9869855925797277
-0.02716905570516559,0.36876193901482934,-0.2865052571011606,0.48814580189953993,0.6612344634529785,0.047786163991021535,-0.3107179079777791,0.24541093792023383,-0.9232759875229084,0,2.337754289681488,2.939302411261434,2.91626637190506
0.8047055592611672,0.15559832540842478,0.012294727139832151,0.2509793449609561,0.8746382602129652,-0.3011339687423198,0.5709355342737681,0.061114693942432075,0.8936907951811943,0,3.333201344200151,3.157636510922539,3.3994100134407694
0.7290942602253121,0.3653538285628404,0.047785667266665666,-0.9390578585452578,-0.5954715471189387,-0.32806307820993585,0.9322502205600569,-0.22448228622861843,0.5395064439586066,2,4.9575679800482195,2.694111250580846,4.137083627550447
0.8263532473362023,0.9496381844779118,0.8964043285673717,-0.24965627471253082,-0.6635496393897369,-0.08557210215983035,0.16464094079761749,-0.6079294227062348,0.14449244642459402,2,4.6079891027235895,2.7326732642665275,4.17232154366285
-0.37161668992827934,0.4319534397954956,0.6224257747147748,0.8262888367364503,0.8463313966812902,0.0710955872860568,0.17492869720059878,0.9089630524999044,0.024389976997953866,2,3.1726712122768976,2.49361955078645,2.8468239974625877
-0.8346896445151226,0.9474741128071449,-0.5551845301951688,0.45450516843774147,-0.3026122563916549,0.17697723610051885,0.9685101404396295,-0.19248865294344597,-0.977172199691273,3,1.9839156737581607,3.4170536112586536,2.960261911536334
-0.5306956987585354,-0.5544130600019419,-0.7909277781957893,-0.09546726015750773,-0.3439336688369061,-0.5468495737678813,0.4512203850069507,-0.8714486362263925,-0.2053409776290429,3,2.365308282205998,2.533914511484382,3.1300585504380285
-0.10098602350808616,-0.21416802754350095,0.14298405017383065,-0.060311701311737576,-0.9267532755513486,0.05316841462341282,0.9039553349931593,0.7078971965710836,0.09287982892937863,1,3.1880429699787602,2.910467512093294,2.840025014900098
0.6202385238619352,-0.5448280078031011,-0.8938182473925953,-0.8782273646879233,-0.46204417519496377,-0.20752570206779963,-0.39347342206042346,-0.6046004250172754,-0.4735780843794237,3,4.177430699398656,3.00477483147521,4.003957004729076
-0.19496792540755292,0.23805130125787155,0.34267167284560807,0.6893373027696903,-0.9659306144174504,-0.04165496707583949,0.6613789889761779,0.28994388180995423,0.6167200255148007,2,3.6947433435375707,3.395727980952742,3.0188065285757246
0.8376772753760164,-0.9839207690980853,0.9196551770677264,-0.41687170458450584,-0.14683337449988687,-0.368259154773952,0.08107869953627644,0.7449316329591438,-0.10106024247628609,3,3.541869889649571,2.6904026054955814,4.419477419273548
0.626594572068037,0.5230286845853283,-0.23345187037945725,0.5363184579143718,-0.5383847005702214,-0.9990721535216998,-0.4765388153510164,-0.7854249594196825,-0.2186380696391068,3,3.8587557240301837,3.1336388663984227,4.319741705380245
-0.09647184232027661,-0.014311215420445667,-0.22907327991837656,-0.10210513250098696,-0.6848076360727378,0.024310701301925697,0.49993776796511913,0.9140131018234181,-0.2913192849005597,3,2.8141709061387497,2.593844616699427,3.2224093010341863
-0.9154785666664538,-0.7784112366136462,-0.8084485941398278,-0.11266713019131602,-0.2902709967546231,0.22344783824757353,0.9297386933751395,-0.7057788973078591,-0.3620068627503843,3,2.008163330159915,3.1478219044634543,2.725019872617881
0.7108455267391038,0.1213155454605992,0.9013806421568167,-0.9635645206900003,0.03278717083452487,-0.30287828213282486,0.9377525414387531,-0.387322129645683,-0.7923487261933773,1,4.429221400927032,2.953691776063734,4.10828773173063
0.35509884469677555,-0.3358906332600886,-0.32919526794343645,0.4166118174360476,0.3933884298804924,-0.6763776065937674,-0.37327310074834363,-0.5922426876451075,0.9318711904811281,3,3.4005769057891477,2.9458494866214573,3.583100914496273
-0.15975853932662387,-0.9350528267330389,0.6872769212697811,0.8441760876388411,0.09101248568697584,-0.5715097727017528,0.6641401208243298,0.3096888150719619,-0.0898183083973274,0,2.0693471411456876,2.7620142332108353,2.597495449061504
-0.9961333620639665,-0.056327407103361704,-0.416151330869583,0.24794106209390376,0.7420247246362273,0.3932345089043523,0.4330171972907868,0.8704991143552177,0.3700870102866063,3,1.641400438173904,2.7190728546814,2.928360910971973
0.8835497038436162,-0.2520045128206687,-0.02344253597551882,-0.8962195468462386,0.12615941134501463,0.8685643762462634,-0.6227947113450503,0.8730219536897328,-0.5387592903359482,3,4.047533876950996,2.0885388654126045,4.373897197554005
-0.1593475658471566,0.9686988953575815,-0.5083579568844343,0.26457071639674457,0.7919983055674946,-0.2289257887495304,-0.15740677375063994,-0.7801014461610418,0.810102802733689,1,2.359560489218825,2.5158654591177902,2.8275981065440914
0.8582912356456265,-0.15186094069470912,-0.31519758423467015,-0.8877427020021724,0.7641444970110636,-0.43860092548047613,-0.8883157440323934,-0.08340675603384828,-0.9790281370359453,2,4.632101185542166,4.048558790450084,3.8091138451048216
-0.28631885294613113,0.11570758057458708,0.9717779061805194,-0.6500840399783085,0.2539285097495254,-0.7733097149639223,0.6540000369432528,-0.9484700826177659,-0.25762852467573216,0,2.247972859427308,2.2832247504216276,2.9661132088016626
-0.2793981922632329,-0.853353580696272,-0.031517484292413966,0.5820730445929057,0.4101424550218513,0.508253136362284,0.9693506026660519,-0.5054350566341306,0.7732487107763413,3,2.3779686433866067,3.212690119688949,3.3116224930111846
-0.3466991985781569,0.0339891623919133,-0.5758100215866688,-0.3766590233830853,0.33239411761324544,0.7946726864031513,0.8252781959985407,-0.5487867673048332,-0.18254273376750252,1,2.5477570317694593,3.718096199912333,2.828373492411385
0.28590604300743405,0.19753257815711756,-0.308403603880401,0.13401405226215268,-0.7483344880004825,0.001530956632696201,0.5556795002166965,-0.6482461616996988,0.2821433196915606,1,3.7668686718343527,2.7352562338016306,3.2789672486385824
0.9069053427302585,0.08337367985106914,0.21435934496852282,-0.06051053180756538,-0.542821761344846,0.0008132108764811186,0.7275371953359653,-0.026032155819481595,0.0609913517999221,1,4.286878051469486,3.1703997583335757,3.8659129186897574
-0.3104016327227155,-0.12255235491827743,0.5530387697769679,0.37583844122835397,0.1462862980323456,0.5521824381880465,0.06330933103287184,0.4577171513083693,-0.4477372964036912,1,2.613252163452247,2.971101936923633,2.7358252309094686
0.2896998933341095,-0.973676202682646,0.05116700692261178,0.4871888587165656,-0.5932010057734702,-0.8101246710496317,-0.5495335150236835,-0.0437900151242685,0.817227247688411,2,4.218709363155473,3.863962513831765,3.7421965261723287
-0.8442430136528838,-0.6734286907563602,0.4564717382070349,-0.262907757790549,0.044624233349805476,-0.49669618922047687,-0.4793729627782235,0.307229042802025,0.5842516051815378,1,2.1691171468319754,3.52152586873689,2.4402277399840275
0.25892442233160673,-0.1614101989284491,-0.8184966703637535,-0.13872500006200705,-0.5144013271333736,0.5824626237681336,-0.26631963967274497,-0.6854716339119573,0.9973787635643976,2,4.204491383899464,2.247210821972104,3.278614898998691
0.6226117135564904,0.5984768661141966,-0.8425294285752614,-0.06952068609801842,-0.9516322944849618,-0.7900167520896131,0.25142976048136845,0.7814739305238958,-0.9868941056139993,2,4.39880047808875,1.9738288359281653,4.1301740567914065
-0.3921736136877323,0.7397413854083508,-0.6405957368490811,-0.692472923151098,-0.2909658670797515,-0.8355402178016009,0.2484735465341772,-0.13471783913926227,-0.4112654625811687,1,2.5252496092820946,3.0945474236347525,2.761118038018079
-0.2024803105470323,0.9656434714185698,-0.020492950860442782,-0.8129627208855514,-0.2701349740001924,-0.13599843197975625,0.35815639805587707,-0.5414934394446036,-0.7829456311474727,0,2.496532863844106,3.030539002141255,2.7778182303605057
0.3656704407806708,0.7628379378499424,0.9790591520184801,0.8645364937658615,0.9828349328837203,0.24300698900061812,0.9292322525776722,-0.16426279764288187,0.5954269773087,1,4.104689647559003,3.5108285792651692,3.4928443972953436
-0.3282817498378108,0.3898119188237903,-0.8461788071019614,-0.25742980289046846,0.7066985905228349,-0.6096066776860287,-0.8650126570393577,-0.8940975118364853,-0.2656120583943615,0,1.664038690190165,3.0582971537708596,2.3083909681381973
0.7881469188790626,-0.9526743386758469,-0.483966984600507,-0.6061638471560808,-0.08460250115981394,0.5691518702427523,-0.30634312576948797,-0.9349756172716561,-0.08512427724741634,3,3.940259072570343,2.455711084196608,4.064745221898935
0.8420635014030631,-0.33902686945879346,0.41398075586832217,-0.592935445621708,-0.8858570991943988,-0.58029698738464,-0.78178236113233,0.1705283823944821,0.7345213646676525,1,4.463037718482367,3.6064824710533525,4.213991936740426
0.06828410679864527,-0.652167432925354,0.21297257349313692,0.682873229479958,-0.40087320356030576,-0.707574030072557,-0.72872708063261,-0.022081676546257034,0.7547686809535852,2,3.818396787420715,4.021966155496754,3.4536791681779926
0.48597952369746134,0.8282352641466262,0.4531509795422388,0.782984839900486,0.9088915424548534,0.9684442436648037,0.5572305452069646,-0.1387870074516233,-0.8516334003149328,2,4.440227915867294,4.233647943082992,3.8806285822399285
0.07104521799171137,0.85732968750394,0.00832441990667765,-0.7106215680200632,-0.953859463635967,-0.6459334650731696,-0.39529861177660486,-0.23043354618097078,-0.2973646585502021,2,4.091358207494789,3.7027711242041894,3.6219316742612095
0.9043551786961292,-0.8464244547228288,-0.3954715386981973,-0.941921309482886,-0.587750715574497,0.850957689484602,0.8315892931614306,-0.617066589598213,-0.9958218940797066,3,4.230117784087987,3.597542417906993,3.968231122865589
-0.758178353737661,0.48552137568816445,-0.7754118852907941,0.037382815673665526,0.8148550922749027,-0.38101770920074096,-0.5961318212708941,-0.41882415885991486,-0.22360433138560687,0,1.3469613915665568,3.0541072725408864,2.162407166004918
0.7635802410504322,-0.6760368322563712,0.16431497246373916,-0.7334010429948516,-0.01827323901376965,-0.9519630870560867,0.07373684539605452,-0.029948549343647546,0.45776659760554184,1,4.278165664008277,3.1858707299629914,3.838777321528621
0.5518216211252409,-0.33802270178601,0.7475278808347403,-0.20869746860355876,0.17063657684459765,-0.648944303191952,0.2562887694035847,0.9927437213420458,0.1929383317321136,1,3.7938777857447,2.4043725602092096,3.5632407089451323
0.6009370784919486,-0.3407404355733301,0.6226341602841481,0.410772139103857,0.07767629586983005,0.009992580282788266,0.146083443454454,0.6947158697835751,-0.08343259868545871,2,4.342149499986952,2.8090001762616845,3.7411628557299297
-0.2906768385050107,0.43810745618928215,-0.8250428012556543,0.3163590631568498,0.2879300907542186,-0.5137223135965054,0.06578009926462203,-0.47750254188548524,-0.9951423387459011,2,2.807413221463304,3.279570857362271,3.0905152379712835
0.9854609381030224,0.23468269965164934,0.5622267796588167,0.3008148379850586,-0.29439869567081356,0.6380946736412467,-0.354410666531237,0.8454697132477673,-0.6152066884823564,0,3.6332929333866417,2.351370046827439,3.627048810547018
0.9966857888126741,-0.08609127472147726,-0.42653507862185225,-0.2198748227261076,0.3749803298053851,-0.39045981809121755,0.508531138616906,0.871131619919421,-0.23693119177002808,1,4.061502147234121,2.442996210229363,3.8432811717965745
0.14589263435087307,-0.24960206185039113,-0.9073507972450676,-0.9579106484576443,-0.5470692134797335,-0.6739661118714682,0.8497581035463235,0.39154336434961756,0.493463376692554,2,4.424067176227068,2.519874952686645,3.5259311190243734
0.6497962692535544,0.13291467629336706,0.8398533600972948,-0.14512390202671743,0.5341311039919645,0.40462142094861386,-0.7694169106402662,0.7736413073154045,0.4635852612332412,2,4.353670808642487,2.5554267672413933,4.077190359799464
0.18514834524293233,0.6145825009521779,-0.05484224312857511,0.1096732577081494,-0.3646953005780813,0.20777690299962392,0.5934481347190659,0.43340071292382865,0.539341194805975,3,3.179215710764111,3.2213741731675505,3.453729393935051
-0.6677448554443519,0.24632590398666632,0.6032045534129302,-0.8787562187219891,-0.9286712078846626,0.6714671412363045,-0.3818044104700966,-0.4946782814990107,-0.5622123045480982,1,2.8022773144265893,3.034883102665944,2.7131003042370447
0.882234635232785,0.09301489555147846,-0.7595726247173566,0.3003977013799639,0.9064677026853663,0.4413589457085969,-0.9135831081875829,0.8867733379491409,0.04927256801582347,0,3.346847148911269,2.581616081041198,4.049726264217082
0.756850131738938,-0.46139809295715284,0.8236427620282407,0.13891302019998442,0.48515241239929696,0.546426897402627,-0.10455361097234483,-0.6388929421119176,0.6036032163858391,0,3.267421625972841,2.782913599536592,3.778062550542329
-0.5045016733925651,0.028666549456684454,-0.7776717168162015,-0.5627929970473522,-0.3067836079306405,-0.01847359902221446,0.009693265824774144,-0.725773978278651,-0.7889217617379276,2,2.9696976692137405,3.1012954214720727,2.6867897922551904
0.167838221167405,-0.5970318273989097,0.09513972436339513,0.9339915719962097,-0.9251638561185085,0.9519513654955885,-0.5403893891355014,0.3099837180919438,-0.7210064311775828,2,4.324199829757477,2.3343509963316347,3.202257585328256
-0.9077589009277001,0.0031549139558841865,0.952492842709564,0.49688764406193675,0.5223322680533049,-0.5598425246356198,0.3101536627979611,-0.8562761193040944,0.8443048811244889,0,1.5062812716790364,2.304565920744273,1.9025418998707206
-0.08462271465844373,0.8871131593285253,0.8276139477563602,-0.15490379543646315,-0.7479633478866645,0.9403808604311032,0.61585961743854,0.2720625227575153,-0.014638789148500031,1,3.7744846515606367,3.8593645731034445,2.806615470925443
0.9629112793695247,-0.3832447851510523,-0.6591844382943262,0.3767829910135616,-0.38356773642285336,0.883678148351648,0.5514083828714205,0.05643314662121002,-0.43264530461197825,3,3.9098144295761745,3.5217500590166497,4.1811171493162975
0.5324897042068295,-0.819101033686797,-0.27857164682987245,0.019773869698345603,0.9113036613792069,-0.8463584800350659,0.9080284463264328,-0.9765604962873404,0.5637011659979896,3,3.457906699979496,1.9084496426105837,3.5793457785262985
0.4613456069111006,-0.8291209728870275,0.144328384008505,0.3436976499606461,-0.6755791243354359,-0.6784637923007466,0.2182057932321615,0.9493005682687699,-0.12249137379013608,2,4.395661659016561,2.1836462187365435,3.875972315082487
0.4035956057147456,-0.9740135442046438,-0.28218019099802105,-0.9239141966523492,-0.47965531889064716,-0.5102671245085,0.4027989380172441,-0.6776688923897893,-0.5962161752317068,0,3.755716454751399,2.7404899714131217,3.4216136964357244
-0.0214951377058743,0.6986841752041453,0.15432751615388085,0.9588052311874797,-0.08692315811612672,-0.26051873744325227,0.6481797828121554,0.9787560002618831,0.3407996838024179,0,2.943187143276068,2.5492653703329506,2.924443554356178
0.7218698228447977,-0.6863576587909892,-0.975656019372763,-0.3768832449476678,0.183297364393316,-0.5761409072346289,-0.31973288577980097,-0.8632600395682679,0.6466044513452971,1,4.135495171153894,2.7106809260077793,3.646214949433123
-0.5264176276000974,0.04539348169571378,-0.19721806719667057,-0.47236582240154257,-0.179585491189324,-0.9890377643610417,-0.3308641564092156,-0.7504850330410298,0.328608700596841,2,2.888378547085689,3.099015870770526,2.803366148345327
-0.9173430145614552,-0.5802073040216105,0.7513240878755247,-0.5860547560611162,0.5534579435430178,0.5859566113593262,0.06485564802291899,-0.22238425434389697,0.7680162973025577,3,1.838236564928719,2.942838128181039,3.4147264431976465
0.6709017836011171,0.26874053122342767,-0.015259137150732016,0.9928723948981577,0.88970151296519,-0.5275330236781215,0.26422259715844176,-0.6568761099868838,-0.6761777562692146,2,4.5800857782346025,3.068886496260301,3.6720160491806073
0.13686346171717534,-0.30498856242946837,-0.6448676416347936,-0.7461238461934403,0.37927418253549305,-0.3216740698967582,-0.5292365200014371,0.5932002026456884,-0.5985718476933124,3,3.2802241086758763,2.9284278171468254,3.369628523879148
0.7094794974720002,-0.884719329313322,0.5602664220929219,0.4925496121518369,0.6239977449753791,0.2993417883153511,-0.5903508518987286,-0.2829270660394465,0.07748912702604827,0,3.202904578770042,3.042904173746885,3.6165934472692816
0.1924613408588114,-0.644957925876031,-0.0236817285508375,0.28935544050990325,-0.09484913416973373,0.8264010827391368,-0.5619132279787493,-0.203359317310156,0.05518011963607239,3,3.185941031361848,2.736646828371889,3.4730254040958446
0.8230704125737538,0.7969345070939324,-0.10438575674440242,-0.017995410416654645,0.6769163325565084,-0.47858912493800077,-0.5513623732290156,0.7161618371588205,-0.29352335242661676,0,3.352665625452848,3.0764819016946183,3.3770017605632243
0.2548340047323232,0.24304109873920554,-0.7204051964328029,-0.022427592524536966,0.9149468078011567,-0.939972371442698,0.1616106935467545,0.6295733963232375,-0.38048916885071127,1,3.2104060812521404,2.6701291730981196,3.0525886288459496
-0.3597872790529544,0.5607434813745975,0.5871326364924658,0.6898732181464953,0.32419268012465596,-0.8121153984034335,0.8441766207540917,-0.24100392120812453,0.4992175382330608,2,3.2942687077160606,2.255425923088723,2.6192491408563323
0.10883553951032865,0.9571099530682539,-0.6765231764399962,-0.3385995142860534,0.008896638735525375,-0.9657295589546369,-0.5242531829949308,-0.6837238438260758,0.10131796279432059,0,2.261037471816414,3.1819190717518895,2.907890256405431
0.459601860479701,-0.5135574399350074,0.607374825758151,0.48747998750513366,-0.2887037071512637,-0.10525531851518122,-0.9664510062074569,-0.9198800550971296,-0.8034449967634327,2,4.212422012014432,2.921847630518198,3.6194496560115894
0.1787623678723531,-0.01987522706510436,-0.4679572709761768,0.28623929581159646,-0.32787442246700826,-0.635760896576598,0.575456738574535,0.7017727853518809,0.7673317880541526,0,2.9669764148072906,2.6689876523787985,3.2185252336922825
0.05709688957662862,0.5491792845416077,0.587603277705985,-0.20337890385301627,-0.5826744359403793,-0.4175738378254661,0.10071622266444868,-0.23164697761076236,-0.36542032797383617,2,4.057946369319057,3.3169751939253853,3.5030010783808256
0.5126122723987494,0.8926090304501018,-0.17423746881466085,0.4401870305288167,-0.7342366306872721,-0.0013016208868505963,-0.6859156773897055,-0.6336069599643834,0.5654303158626779,3,3.7308321617399383,2.6412267023860783,3.8876896328251376
0.4344343285306256,0.8730160801699653,0.3347612928365662,0.2619740688013692,-0.9190179978038975,-0.8538321110925586,-0.4701496155169147,-0.26165855571491115,0.39062423989357575,1,4.229981371432375,3.4830518277317877,3.6677544318454838
-0.9507448345050089,0.1586808891103384,-0.05153091381869812,-0.8421329052613331,0.17230574932791676,-0.7970119000947955,-0.3985864511642969,0.2061953118235682,-0.8096694348481783,3,2.00649159476484,3.2840057258022384,2.7198085709830164
0.5100749190927396,-0.5096781556860295,0.1145725678859617,-0.07643417642557981,0.4458783900010057,-0.3198793610796933,-0.8765644019984824,-0.7457756009111902,0.05547985097940433,2,4.172001501015592,3.1728093986544965,3.545227061275484
-0.3200781790102336,-0.44723303524653746,-0.015188854492938164,-0.3370642808051212,0.522890570682008,0.5720174872136594,-0.6461491749956381,0.9750990709530951,0.10073050899321889,2,2.946022391053181,1.960509640809901,3.0727077700861147
0.5989200873282801,0.019236184077622287,-0.8315287210086335,-0.6878018962188981,0.5092308500495162,-0.27702417132091495,-0.6248382952348464,-0.7554586873854099,0.6957967830992056,1,4.032626375599262,2.825570019717413,3.451225034193325
0.726518218427028,0.3374650422534682,-0.21761333206125455,0.8789434693295477,-0.9830178795595699,-0.062286843204807596,0.3245464458304148,0.9764586887323701,-0.4976303139263476,1,4.589346392555583,2.21897015198772,3.8903639284811793
-0.39016735924655177,-0.06950756079948084,-0.751235258439185,0.9210946312344443,-0.9308201082751466,0.6732183383232937,-0.8104105431758817,-0.08461161754888336,0.9454062632458975,1,3.097385888987283,2.6516926613996077,2.9617325718174667
0.10697828808660748,0.9174964385782929,-0.7109225286816865,-0.8948403868138075,-0.7436434566805614,-0.5970234361247775,-0.9722634536438628,-0.43361461439346494,-0.08390236940191875,3,2.932727766293577,3.5531341389775406,3.704307881008635
-0.7783149761093313,-0.2839411927131481,0.0802444826409634,-0.9926203457515546,-0.2916471364319364,0.870430127338552,0.2593752540889478,0.11259155389377407,0.9603140259554523,2,2.993969607005603,3.7365530910465834,2.704748705391124
-0.5247277822471115,-0.3117717307930312,0.943387799061367,0.6318987768229016,0.3191480918218723,-0.13878822776440636,0.4624089353684617,-0.026288764123515662,0.7984755148514131,1,2.3066948630425763,3.1128864086789414,2.470953230637205
-0.6246463931016686,0.8991016661762203,0.3888942911290776,0.4785494971027171,-0.10764828482174149,-0.01295987790385178,0.9356969031289784,0.8728690939389596,-0.025773969829133936,1,2.552241827269802,2.626790677361014,2.381394014493799
-0.4892436965918223,0.7625479157655011,-0.22025631051177075,0.9690569725622491,0.8309211915725305,-0.7537592863629499,0.6912089912676478,0.7314576467930913,-0.2554607717880326,1,2.4482818156036537,2.0309585084324766,2.61778899918744
0.16193304896070404,0.8903536192961818,0.16785033308073394,0.23334963803656716,0.05905300831736926,0.4229512227356578,0.9161455437966153,0.9290507160556976,-0.9005740199645893,2,3.938958336717442,2.809930144120753,3.321675154449426
0.6011182035703511,0.31130797576972746,-0.9937619293023878,0.2052132386790273,-0.017654309960433157,0.8262930052295585,0.611260684449203,0.1538974442146972,-0.9310947051571716,3,3.5184460547235497,3.5045487688778874,4.11326500708372
-0.7211381280776326,0.5430651791874586,0.45619111636526255,0.7888442154272781,0.4367713460008229,0.6829142540216717,0.4756614262599739,-0.8792898882180777,-0.5510073245468479,2,2.802469340263987,3.1397190926036966,2.7334430498020907
-0.07774568920343006,-0.5732806758911346,-0.10405456109725497,-0.3721338786899755,-0.7314059350979529,-0.38517983720942706,0.8749981780867966,0.5698160380303019,-0.7154565402072546,2,3.6969753847002913,2.2912813414532334,3.280864348644368
-0.879716261213263,0.7951292288635738,0.2049786708770076,-0.3239745442246038,-0.4425596138924568,0.5091026700090882,-0.6074529061770544,-0.9824406162997907,-0.2561731131398457,0,1.7184506017136048,2.5225919465993827,1.9938340792657783
-0.3372023913134128,0.030961289544387816,0.7108306229495567,0.5097398652868816,0.7993530542879614,-0.05715848562988102,0.7837065926535869,0.8936293841301897,0.028189979642562202,0,1.9136189052014159,2.574372842617175,2.4392374581374514
-0.23710430408099592,0.36493517054934177,0.1508024972210884,-0.2893495919700695,0.9088970845656648,-0.5912676913303623,0.5282996361916059,0.22933610871012333,-0.016670895074986092,0,2.0006931143060833,2.805649168147206,2.317632901192144
0.7802774621423938,-0.7558615979807795,0.18894282693021047,-0.07758931221900545,-0.09184225394695122,0.23100877449090773,0.733554768438081,-0.9543824502446034,-0.674235950186499,1,4.111464991777109,2.9071158392331,3.7249732386091146
-0.3822771366127349,0.5159932618813421,0.6424108153316865,0.4759735549601336,0.8977185151780347,-0.43195880637452966,-0.8964843804293556,0.09081772090849549,-0.9199158389522542,0,2.0295937489390217,3.2511812969115605,2.1800549098856363
0.4779819379799741,-0.5806556665268967,-0.3661895063485088,0.5597724949140557,-0.07500528571246035,-0.8217720791993592,-0.9489385430877693,0.16461287955156378,0.1203958966780938,3,3.7604056493156732,3.8809663853665235,3.975430099898901
-0.9576139466530955,0.8588626439245999,-0.13890971254737794,0.8831204252725642,0.1731725374700488,0.2909257332370747,0.16870656218919788,0.6013998724095864,0.5984487744164775,2,2.7912918710298165,3.1712161057850916,2.8292577288260605
0.7734095836472128,0.1264172307833622,-0.39235116953509475,-0.02333836460862493,-0.8376284218347871,-0.9859235155285311,0.4619199557739724,-0.2707328590406042,-0.23880951226817837,3,3.966201963186478,2.592436802349202,4.367423905551158
0.7910888183639946,0.2950406292214258,-0.22386372975572377,0.7156072131760303,0.11659059226081547,-0.1332774340772016,-0.2764091924497529,0.39097243416019656,0.2419733812830036,1,4.261475792919523,3.2373670491670907,3.849996883196299
-0.6776783320544832,-0.7345643799703889,-0.024319046291105817,0.4961337191648223,0.874689636982019,-0.0049866754597909235,-0.027661679337455336,-0.9336837605256763,-0.10938793758849674,1,2.109782962482543,2.4511720686340617,2.4490878891633363
-0.11482684732106252,0.16160134704948703,-0.427913428065388,0.9433370940775865,-0.2727376864740061,-0.5847447208421956,0.36403154463840504,-0.8306417169550446,-0.9967190842316394,3,2.931729828088237,2.7518532183090265,3.734900423420476
-0.21016366177390577,0.14794407369983675,0.19427833503322312,-0.8107144850385137,0.2067579210166921,0.38856103218278837,0.219131568404336,-0.9702655781916032,-0.06835987742235172,1,3.000257581252465,2.635651837588553,3.072244568943335
-0.3724732205528527,0.17015281612013466,-0.7729789804996836,-0.08828139550352865,0.5143583574688222,-0.6560806423054213,-0.7377332121388982,0.08803228436650667,0.8455192073690312,1,2.3510148388396175,3.7553698136722966,2.5266471086031284
0.8812122558949236,-0.932916891046329,-0.8443085535503974,0.9291718149512158,0.5685894796427988,-0.664825770454206,0.4085459284828876,0.7929546652886648,-0.9906153703697989,1,4.158661905051987,2.2825873861399626,3.973174681573999
-0.017050207539622386,-0.2283962757341047,0.6488443250910809,-0.7006137400893739,0.5522512335003502,0.24073616078807314,-0.4579873413505342,0.40348915572313326,-0.027416666830449632,3,2.686732498244545,2.948858187429532,3.7757874443489112
0.3408090103593586,0.8312050256703176,-0.7377432557280146,0.7386159625006934,-0.5375887919081956,0.8188121731676548,0.45863376192957883,-0.8379517163524495,-0.1512502562876168,0,2.9640268644200236,2.974778444291807,3.203754341276379
0.47657282817467794,-0.9266572327042861,-0.841141952724352,0.612870915077353,0.6719237095809572,-0.7104202522462033,-0.983769247475015,0.503403274659667,-0.6868981061490902,1,4.1041044967738225,3.6741519281880883,3.4730490464389914
0.7343271546896388,-0.850633605846653,-0.30091593517441084,0.0436215873078849,-0.04234895813305828,0.6775951962076621,-0.4091063486966011,0.7204585320873778,-0.0432725058920036,3,3.804338715324909,2.5264709737992606,4.040989307577211
-0.045980270340269414,0.938921017818894,0.21675142355589716,0.5259744883535391,-0.9082378746792601,-0.290783718649652,-0.033445071506693624,0.7575932129002643,-0.45899022339001494,2,3.958429154151199,2.60315026431088,3.3065135653293365
-0.9404408325426958,-0.86145103506721,-0.7502776343298241,0.9639537223662282,0.680990299277684,0.04683116507927165,-0.9715486446458186,0.3027583011239454,-0.6360502833045489,0,1.8222228994089342,2.774371742252072,2.9430366548933535
-0.11813187709340278,-0.5428707153959398,-0.1845553464866272,0.23805986892380626,-0.2727620695009543,-0.054017555126666617,0.706137843102703,0.38763272880762045,0.6190990736744304,1,3.117646111679133,3.204854749707709,2.9059397960780236
-0.9193879739563238,-0.7164598142419045,-0.9163862213394827,-0.44558729941044883,0.524536344714112,0.1779260011325574,-0.8894470233481793,-0.02551440501922575,-0.6440416282835868,2,2.627111735908704,3.0404545967198024,2.5344277770516106
-0.8803705096707886,-0.9413485254662544,0.9428413497495407,0.8320218998060651,0.5445301146197139,-0.5698462160325772,0.5269605053375725,-0.674140484295652,-0.43885239524649444,1,2.4516017491816213,2.520036555675834,1.9692429838550212
0.6829901588946983,-0.5518751110470161,-0.3660774275484604,0.387422076754278,-0.1409743137554167,-0.03044317773541838,-0.19150743742079812,0.5841502898558799,-0.4872219829604154,0,3.6071603663405103,2.778051289177009,3.540258146745921
0.46258314361540753,-0.2394627001477878,0.5246150044712092,-0.5309959649478115,0.08279338261031732,-0.23901136303326198,0.5145757577049674,0.29078464129159953,0.8861065897948794,2,4.261349089355131,3.2474953684202643,3.759909073116354
-0.661948634636808,0.5369170825624829,-0.025609848813804348,-0.5951821956117229,-0.7617161395165999,-0.8843489993977398,0.17551540704255575,0.5095111824009011,-0.7276059354857793,0,1.9573260404147572,2.8141329565319575,2.6027913360394237
0.3725659232723739,-0.8008658361742558,-0.8755271003323268,0.10953626918535808,0.9866681204968903,0.9098608862111728,-0.2692743484460265,0.5354932861020378,0.19762795513096543,3,3.487493010929651,2.8695645857911853,4.086766327182652
-0.2866085536112155,0.0615524229869977,0.5948783833319256,-0.9729569207783988,-0.15746674876283762,-0.6650098368801707,0.7497375326381295,-0.17751040192168444,-0.6373396599318064,2,3.478589784415912,2.745675980027871,3.51324657821368
0.3665414668428546,0.017797708337930818,0.33646129262568536,-0.465936839216861,-0.308902629241947,-0.7804336092459179,-0.3921246727488268,-0.30947092627783257,-0.7136627373831486,0,3.2906652291428626,3.328000550979577,3.4235440718130903
0.8606354186098022,-0.44622835398332517,0.5863825004715966,-0.47808818950957765,-0.8530868841429087,0.1445164988494414,-0.5745635277288301,-0.3644286858445427,-0.570522015994942,2,4.793431600168843,3.048860584484037,4.047492314359118
0.6252449779080664,0.8479767078081373,0.08466505250020351,0.413436688217786,0.8370896952400542,0.21663771958092304,-0.6574168052774145,0.9993728696066377,0.6927294444591683,1,3.9008066365512857,2.669937271109484,3.7254934849273442
0.05054814202009772,-0.4588068170576689,0.7286747574993555,0.17868842263484108,-0.21432894703528294,0.5448735881083726,-0.7440431311326976,0.023882560853522028,-0.5543975041710492,2,3.434227936913964,2.8129776994274027,3.1727607322580154
0.47342932586504904,0.5152832913991932,-0.4945956351326255,-0.8589608984073607,0.6967518681969072,-0.14180551610882675,0.007720633946282085,-0.44726796866459817,0.4106313451019128,3,3.4494685075891716,3.0167060188910697,3.7365415778070274
-0.26594651918193923,0.5269838782056313,-0.28681191720496924,-0.5429822334002188,0.7945349651330047,-0.07157903342872518,0.5423979059241528,0.23020515142653752,0.1695357472291208,3,2.162380087627731,3.084511723464455,3.0449299428655117
0.34523889037911326,-0.5907630438192866,-0.7260079426656956,-0.5425124362790801,0.08439725564584943,-0.6623739602151466,0.9479495835799823,-0.905780975746767,-0.5913404866610317,2,4.433547508676714,1.9188798997703993,3.4460373688269152
-0.8630841665968843,0.8276175163274218,0.12075990815298465,-0.55998484010833,-0.5790570786782205,-0.05126654058708935,0.23937988075329963,0.7280952424751437,0.7091844007199073,0,1.8213086595433199,3.045455807513292,2.268152974885084
-0.24455154382817268,-0.2800303067490295,-0.8512406842157836,0.7358892891923676,0.13790338987374873,0.04106944432590853,0.1492429086652196,-0.9250068544875454,0.28850219647679864,3,2.7319162689377143,2.5560925546977207,3.655960757065957
0.48536880651211667,-0.5065621820643915,0.06717389191550471,0.5840160672569774,0.5944019559673892,-0.4568343647841364,-0.9778019031791709,-0.7870469114171255,-0.21812725330656568,1,3.8366704348930596,3.348724983772458,3.2949636533709645
0.9867021230281301,0.6454632653546641,-0.8325571970066685,-0.2402314838918136,0.8572213127583796,-0.7879168101182352,-0.18606034674587502,0.9150976174654848,-0.3241174440393686,0,3.3040823344650994,2.920695289133365,3.501728134107219
-0.8165454078018215,-0.8937013719599374,-0.3807564081185226,0.371988857879076,0.8422280987384583,0.4183507112467606,0.8113070928573678,0.40723755749592927,-0.7104142721147062,2,2.4895673743980584,3.2357638419729753,2.900496531974898
-0.657464330397779,0.03209849881383464,0.7697215900485155,-0.30631225529371875,0.9238286266668201,-0.31097348493396826,-0.44452479850557336,-0.13944591052882882,-0.49842390775244017,0,1.4616186626619487,3.0893204024035734,2.382081260379364
-0.23639794528512592,0.12403367442483404,0.11825945991728437,-0.5828510966869969,-0.7080501529937357,-0.4045055569476048,0.8131837886606346,-0.24133730864401493,0.07495986649353892,0,2.4655931961854263,2.878201168667094,2.885505753939189
-0.32957561003595104,-0.3760914260531445,-0.6672920085350555,0.9009445477045017,0.20082611626338176,0.4924011285824397,0.5419747779803692,0.777783646360189,-0.8135310887764093,0,2.4320748430669967,2.7851924760119955,3.124531475275302
0.9154786650099394,-0.12864640819173756,0.3508314454838284,-0.5027763131976217,-0.4599169770010325,0.7781602578453706,-0.3194139108159699,0.9967897940161481,-0.10378986794085443,0,3.7521742929432165,2.2949483042529106,3.5447406750654715
-0.2699572918054378,-0.29140469661431756,-0.9911421364657029,0.488887608157341,0.7379331290027824,0.35765448605496597,-0.24542998885307266,0.3145934540857118,-0.08250810359807836,1,2.823268848964357,3.0186442776639666,3.3988971493718587
0.5445584497277469,0.29715188843913976,0.7608907936879388,0.10077322386263332,0.4874426071152631,-0.10846964848001539,0.7353034081309242,0.4575433425432549,0.42471627290869973,2,4.325888540488363,3.202455982140786,3.706852078571774
0.7203187205004153,-0.6083522178881844,0.07520637611310832,0.564982001373431,-0.31759623564399075,0.8456471446461178,-0.5961361865323498,-0.94716075963248,-0.598818142638557,2,4.66872216345508,1.969258792060137,3.699509586317024
-0.007202788234867308,-0.8029075054037556,0.9340071756949648,-0.8202015195637111,0.20078927612781894,0.9741574147547678,-0.9384050603310212,-0.7022511011480863,0.324625014570014,0,2.1606039337583436,2.0572792953212558,3.495480715016375
-0.16057282014948648,-0.7665000589108426,0.7718296957852742,-0.9964024592939931,-0.8589438083128345,-0.3522211748578863,-0.00668994005932344,0.5236513952026385,0.9591888379701388,0,2.4333248673792545,3.119196141993723,3.4727999546155566
-0.9463370254826482,-0.6087723614226566,0.9528159943224148,0.9674081231294056,0.44308017642292374,0.27406762704616683,-0.18140506034645099,-0.34409627081308813,-0.4823189786990172,0,1.8901727086980957,2.959153428584662,2.0383886830543765
-0.4090739979673017,0.10144593140388336,0.08726357972966037,-0.5194964090984295,-0.6994910006866348,0.768993336145301,-0.1422453048847443,0.3587310925611942,0.9107301182724141,0,2.1840705840682912,3.1170996862565157,2.2194745268322893
0.6886930599415826,-0.04751388140094703,0.3597745017360934,-0.6806229154831234,-0.7116586180792539,-0.3457014460972574,-0.31354697078543614,-0.7907794242453197,-0.5468823213960559,0,3.805693584439573,2.8122736302555102,3.7870835190792276
0.564314960134596,0.7448087964075625,-0.8256941713411143,-0.4253395908542088,0.7223852274522542,0.506201653286876,-0.16615932953875223,-0.0016447081035781963,0.04322263137725746,0,2.8832437741803036,3.1761832407046264,3.600296431825652
-0.3029698509676162,0.004316019346900957,0.9591241330784839,-0.913430176506248,-0.4536947281729977,0.29226388496309585,-0.4455913253832231,0.5661528261490674,0.045147540147166154,3,2.7157552964594913,2.856923485593004,3.6934266511554097
0.3126078345983929,0.7129403235770413,-0.2832763826620488,0.929193692083786,0.6978589850096852,0.6440325396707227,-0.35141377296638665,-0.8289708332990331,-0.5946857152331557,3,3.2892160661788177,2.692841853667034,4.150548371810279
0.9493048890774056,0.7247204582020577,-0.7390528918071211,0.9315388806787357,-0.8751031704711569,-0.6621486215345349,-0.23504415366260334,0.2506306968598315,-0.8206631217877691,1,4.599117725966222,3.012473932531371,4.531753019911129
-0.3420554696271374,-0.9184705685516785,0.2503681542505205,-0.7231661921678216,-0.5646499267938783,-0.931422714234255,0.6224117253578514,0.43728123623409454,0.05050004563777044,0,2.1813337665326205,2.6147927696755424,3.0100674942682746
-0.7597841131619345,0.7999461750964598,0.13000542763408962,0.28716942929443534,-0.31548090778032556,0.4526079126784015,-0.36599129165421784,-0.4110806962547964,0.9970446449429085,0,1.7226710033155037,2.7586833993263795,1.9910045228807258
-0.006775249037969333,0.9700607242925747,0.6128158070934355,0.059224877901009165,-0.8469417106609294,0.6036520798013925,-0.0813129067128342,0.017880844596400935,0.251558946152177,2,4.210542733642755,3.338891228799165,2.919959113059431
0.04102057459865516,-0.9689832001909722,-0.3883250973372927,-0.3498987141609644,0.6467444997937724,0.16910700779387988,0.3497960375769946,-0.4782480513249443,0.7809490327635646,3,3.0434873756866785,2.880144528929253,3.445484800228316
0.2688477400533118,-0.7120122017275812,-0.7299289343053761,-0.07759439859610362,0.1234105700180741,-0.14002871892568614,0.607794264180278,-0.5091205013914728,-0.18034924941387187,1,3.887396279069652,2.9771679359543146,3.2925517360169603
-0.28523094574343877,-0.38478237522137193,-0.9633671371685206,-0.8715223971166763,0.6507566343058615,-0.24259081269502225,0.44294864024474934,-0.5340011844911516,0.28847352489010025,2,3.465922089911463,2.7428303168250427,2.7570444259517473
-0.014452334048605131,0.936975036765771,0.0512330143434816,0.157867416380695,-0.18318058451463304,-0.2486639636516672,-0.1790077035158264,-0.8603836658631452,0.8197746507257799,3,2.8683517237689635,2.5462967163349264,3.34700099182363
0.8579373508489927,-0.4943140797307688,0.9970770370526345,-0.8779965491188155,-0.9467386350232421,-0.4064206965402728,0.765364287808691,-0.43174465450186683,0.13692299613808534,2,4.930892071546488,2.4887229005837073,4.664861644007165
0.002209847604807358,0.12604831771495584,-0.5879085730914599,0.9560619628760745,-0.6799071096728315,-0.9570510691111409,0.12315402270368381,0.9768646515696622,0.37262191742923867,2,3.9843972057371895,2.429498135084273,3.9083790337655167
-0.01766180734428091,-0.012946638237626429,0.8184878491506256,0.905568327713455,-0.9744308331834206,0.7857465659644154,-0.5000002369754231,-0.6356429148148446,-0.6731910675069548,3,3.292133713779769,2.671409998905272,3.0264238349762005
0.7335747997248498,0.8473612422685233,-0.8042128728305968,-0.5194056062500039,-0.919003637991294,0.26967151758938646,0.20583062092260107,0.5224845723828095,-0.46439277803536005,3,3.7698521133589287,2.7390119037302045,3.8821620605289375
-0.5415719426731536,-0.3229575299042271,0.7296339505138236,-0.5435769055704502,-0.4858066713949869,0.35610057732138234,0.7964262461327629,-0.24970321719483946,0.7628524381863075,3,2.1295322603211657,3.337433359137383,3.1726084917046014
-0.7751767220124544,0.8822365410852084,-0.2332893976241499,-0.25645012170352977,0.4196972991597294,-0.7954818841332016,0.35187050688901467,0.7808888763116157,-0.9914937941143989,1,2.071993691830986,2.0762446567976305,2.027561054344528
0.5167036100765838,0.7651442003566729,0.6919815903345343,0.10412335268213324,-0.943803186343124,0.5619881638997406,0.833176121930701,0.5569490675556465,0.13396082819418198,3,4.003828324103357,3.2668113228316873,3.594786047046486
0.9089005897450368,0.8629923343613068,-0.7582273494133818,-0.24374743572159296,0.8322605918277048,0.97796113696149,-0.6120585259859459,-0.43888885675013856,0.6939495826270878,2,4.215702617571819,2.295100011583739,4.34125292356364
0.762558626028738,0.6404131778570474,-0.8618563715805232,-0.8108670910335813,-0.10281500060370785,-0.6208140758106875,-0.37576334836854963,0.9842386777203855,0.4765411728224551,3,3.8102665843939825,2.8673404213205047,4.121398518011359
0.4009529533282541,0.05516482311245596,-0.8250168046611783,0.5256360907841462,-0.1411773423903966,0.776851402532142,0.5746877303259961,0.9825291094271531,0.13070464145997884,3,3.533363622899542,2.9891108214397812,3.9266043196175446
-0.9631257353232789,0.08377013047530268,0.39696283749344774,-0.2894022234317126,-0.5565873367233807,-0.8966316758702453,-0.05870273103779389,0.6011518622808223,-0.11923230759475945,3,1.969257089318661,3.052587938243577,3.0360469402855434
-0.2373977791235211,0.7143727560726858,0.12112556665021024,0.36968562440339725,-0.19672405153312167,-0.4907777908519182,-0.6215004597344707,-0.16190087991726254,-0.6785746555934589,1,2.9188563859561727,3.6415532770738674,2.8247580793078497
-0.755655536422591,-0.8931459496509793,0.33800918148078796,0.8914946584568415,0.23689041104589315,-0.6414040353941839,-0.7586164483816504,0.9389452297289413,-0.3055899921421563,3,2.0199418314094775,2.9390641630138905,2.664372264577047
0.07902070358034075,-0.34370758708402116,0.5401828768035357,-0.15339420265085124,-0.7213876721063042,0.24490808720434765,-0.7832875437730542,0.9811546812576986,-0.7125796387660828,3,2.974386051953297,2.2689967981278367,3.37377036274506
-0.47969698140622863,-0.261147260231976,0.3365067787969245,-0.3315124404212617,0.3093175715722931,-0.5469695878576106,-0.6738419865317429,0.6584458782739147,0.15556255736273772,0,1.7367225548279202,3.111520691955482,2.3570544437662018
0.21839752356015896,-0.5246891827207603,-0.9128923915201792,-0.36283012289657024,0.24170695508307283,0.4596484655268158,-0.8272824245418229,0.7274608845641917,-0.1308878609156381,2,4.220547181014604,2.2342739444906545,3.4979105275197027
0.33850435122199163,0.8258127709109757,0.5035652042468552,0.014696664214891575,0.5628550233697611,-0.5990979864659143,-0.33918685392348924,-0.044666966624201665,0.21705161570488007,3,3.4477213313649475,3.4249908626962493,3.473917105321602
0.4134568355974704,0.8046590124695414,0.25048740918503,0.12969430033589502,0.3428403678216647,-0.18282971493567346,-0.5226081242253855,-0.27948178673466173,0.23423371793384518,0,3.2307027042995786,3.1527977189869647,3.1445397468750604
-0.2019149416492214,0.36058161017901247,-0.0139546784884923,-0.47882624648709826,0.6485253754672065,-0.07035492822516454,-0.11265308439285926,0.9555230161664137,0.0479216670416962,1,2.7277725178272454,2.5375366742024528,2.793576876030583
0.1737087814548286,0.3833764520854799,-0.7941992257358865,-0.5986446358867528,0.3894371527452527,0.22318876151960065,0.6414895589289378,-0.6558777086252756,-0.31208882533751203,1,3.2297721459765545,3.1278177497594433,3.2060134801915976
-0.750051736322219,-0.4466502601956279,0.21897278085396543,0.247708846889664,-0.30199684302889573,0.5193424918441907,0.16464963346670514,0.6726796554823387,-0.295747728792094,2,2.670527565775793,2.919554183735928,2.3356802400306425
0.7960771135711424,0.13702914450253445,0.8307376550360472,0.43580681437475155,-0.9446811512600082,-0.4834776571058945,-0.8438402399655971,0.13281777577185405,0.5428412847234829,3,4.094667466900485,3.3839430397232406,4.401034161878258
-0.23530700912941893,0.7373059963559725,-0.23366044389716945,-0.9085411471708873,-0.42294648245886846,0.3850705628298643,-0.06929255681151125,0.8194655018700348,0.5284166394773431,3,2.6823563707074984,2.835258819121585,3.101554608611847
-0.8409165228093485,0.9166936166857014,-0.13228101904340717,0.1592391499824306,-0.09381627802987791,-0.06376241140193883,0.5936089710197283,0.29690928897535174,0.9301275428886178,3,1.8333070132049973,3.1888270172969464,2.61594552181094
-0.8962391036106816,-0.298802675687621,-0.7000640895546697,-0.07972741992644838,-0.38110604323805286,0.777251585723981,-0.5699924374787675,-0.7930396741545678,0.32589849171957996,2,2.670425706759816,2.067944848000564,2.3542888720584094
0.09176901947463967,-0.032265741228009626,-0.19615648342420844,-0.3516400824183272,-0.8712652368003535,-0.5237573197926322,0.2714604797646569,-0.2443055248495032,0.6950623794329063,2,3.971469151534298,2.939209484424108,3.511477055328833
0.7243900824497076,-0.9415561315815368,0.5472025244562548,-0.3428691891309361,0.1550798303538936,-0.025393030993725807,-0.7438250414610414,-0.8938849226813745,-0.6319803416012177,2,4.283034073144189,2.8435221992924333,3.964299285003491
-0.7207302560916005,-0.057656620021301785,-0.9221516746663183,0.19355162823386984,0.24050753851945683,-0.023148389369479272,0.12510831174891623,-0.359405151815003,0.9277042413189178,3,1.827351141523743,2.84381714076973,3.109944285569349
0.5477774676143734,-0.25135973513038423,0.6039725551756068,-0.15322818684794215,-0.20990752887446584,-0.733133960326241,-0.511728619083867,-0.3325426524731081,-0.5860086858152613,2,4.334823190691693,3.841894275152457,3.883058980731679
0.5232032777192193,0.47079048918810584,0.19951840207755,0.568661985783083,-0.981982345523299,0.30015621133622683,-0.8935937779536107,0.41168560373329255,0.541860402645572,0,3.7304931106058152,2.7525891960563103,3.1172901920784075
-0.17679498167020413,0.5782189272874418,-0.4311575186644725,-0.08331027987192119,0.14582081569944716,0.7200998064321722,-0.2683776007157639,-0.2934309258003678,-0.3247456644994573,2,3.036553541576283,3.0794920568840363,3.083642739080421
0.41630027168748773,-0.15910547381224305,0.30452828104050034,-0.2595732238523554,0.2923028083861072,-0.9496142825107521,-0.6605682939748796,0.4691551731903594,0.5943221951160087,1,3.7206683546010755,3.906715383174186,3.2338244261266937
-0.14641484554534223,-0.867024518232705,-0.7669148232384284,0.42656959329616195,-0.37807856302661436,-0.16659615246338877,0.5359779403180249,-0.660632583283091,-0.3920544074021117,3,3.23748403266991,2.87335287565028,3.5547458134774743
-0.7042200406745651,0.3483501820263937,-0.38893279519621915,-0.9016946316674115,0.3057254865086865,-0.6649387974410719,0.0060889019374730236,-0.4340016070515773,-0.4082861257200099,0,1.7931061711369083,2.999123055299589,2.1046495063283697
-0.6566718511807095,0.13709861720467043,-0.4011891693408951,-0.1992780084878354,-0.37581490457313005,-0.9407818378027644,0.550724153218096,-0.6608359849342711,0.7491260641521191,3,1.9909123500668497,2.2631946572283623,2.9600087659430323
-0.3066493945428781,0.6265555263932125,0.871405318219034,-0.29512038851248223,0.348113836309099,0.4947082389395159,0.20910399842054006,0.34682749335822605,-0.2946217293420772,3,2.659038822783433,3.1053453750764093,3.506042230364022
0.20754478920505015,0.43227542198695357,-0.4748925669181061,0.49962739170995074,-0.9704947939547677,0.11117827402602387,0.01510708697013996,0.2505384021972974,0.20029818079363615,0,3.067475896658097,3.057538707512555,3.083786064608732
-0.7875449786696189,0.0008508455967517481,-0.8964226325641038,0.29159574943968236,0.6943980214608869,-0.8771762637725,-0.8659497171974988,0.44580229281938855,-0.30587204005974655,2,2.4328048065404815,3.9289379629474515,2.654145067296569
0.42406750279383876,-0.3157291745395081,0.7573017451162145,0.9340503717601314,0.6542730118621638,0.48041433265354927,0.9419415847702859,-0.6993891500896132,-0.9389634646079816,0,3.1970058955433593,3.3980721962113485,3.416858706660793
0.8302677008873125,0.7447091553220346,0.27156597032847474,-0.8585620911134804,0.6543107718290317,-0.06629231043580974,0.8229468685827748,0.8347070687261253,-0.5282700781764664,2,4.6444144110019066,2.5279592897514322,4.096382820482738
-0.6294374316700515,0.3757683337371436,0.9293262629147931,0.6567489029655407,0.6733846698602968,0.3673004627546128,0.40041725798537886,0.18694508451678704,-0.854279672870965,2,2.8217876503682415,3.2587594389778727,2.7598829276057857
-0.7108717819148058,-0.8066164217040939,-0.8548657882252875,0.12974011033734523,0.8838488558660051,-0.42504917842651846,0.35535895168751575,0.19037499059181107,-0.9106753553292002,3,1.9743093622551922,2.737520860658548,2.795666505824385
-0.14598672565911142,-0.13501482320726899,0.2952844563489798,0.29123212463151127,-0.7350271809490865,-0.323592078747472,0.6480192680075754,-0.9866375072536853,-0.701981612335669,1,3.087017934105637,2.5082166229501857,2.991155970814894
-0.4836150061433442,0.872783760384926,-0.5421966176720008,-0.083575331242701,0.8792229200748707,0.5001866545680846,0.7066984366844014,0.3590490042946999,0.7526454070149018,2,2.4003385577681544,3.7439610656297075,3.0271310361515877
0.6435557063663513,-0.46548328997982824,-0.6516713418429845,0.25482611641068864,-0.15495447802426288,-0.7941989591679111,-0.7547694468370805,0.4168489626862901,0.8422638607106081,2,4.584194967320594,4.141045783280533,3.9870305275843116
-0.1571229802546057,0.476577768157058,-0.6928596481686844,-0.04460856499688193,0.5739709489925693,-0.06113203022608271,0.8126607939142234,-0.13320746690317664,-0.09673706903100521,1,2.500574804975098,3.2041993927380257,2.892546506279091
0.157152432719458,0.6413265331027693,0.45534575548430367,0.5966246599135854,0.5488671976824806,-0.6180676629302231,-0.18690966981756163,0.15814741471502325,-0.3176561109437699,1,3.617478914983908,3.3735815601862864,2.896495079985594
-0.5420290555470948,0.9924344299952796,0.30062947756624725,-0.2633253830172011,0.5721487514525683,0.030893826218876708,0.38152545618010336,-0.10365009582174833,-0.9125158285965351,2,2.8002910174179334,3.315141788951551,2.7635395356158545
-0.3703798514410255,-0.18319177885181692,-0.5229091955192999,0.31086718100211885,0.541033771524408,-0.1946393267391322,0.8067298423742388,0.6286530487480513,-0.7384483811946785,0,1.9233126683456618,2.546903112832536,2.55641387717439
-0.4679482387386118,0.8727391448401469,-0.7719854982973615,0.22528732400155205,0.3042022044428956,-0.28202734873054647,0.6084199684905014,-0.08923720402156565,0.9109771651750826,1,2.1195004921143115,2.9402318331890207,2.7612303603027053
-0.9192053084284055,-0.20037296866759635,-0.2067432028845717,0.7982765380039905,-0.3649323171180896,0.6399183865059721,-0.7238486573596099,-0.21398061636517296,-0.5267894293763489,0,1.8651212045213372,2.8699292374176055,2.264576942502478
-0.6220854236642543,-0.7792802561021046,-0.6646483422480409,0.4947529929872101,0.9452619716523591,-0.8303428370825883,-0.6922206261479062,-0.36338286963453403,0.9947394062072414,2,2.799608722324252,3.5344229423020423,2.73055071748889
-0.18261482775308435,0.8284409897616523,-0.1658507529249138,0.08593127433673686,-0.256838099638631,-0.015053553897288019,0.8177816577665775,-0.8334845802712865,-0.6794656018671072,1,2.808701877448937,2.869614537046087,2.8079367112849782
-0.04127687185607187,0.03971905838277068,-0.48628213874427595,0.6732125448935224,-0.4108795430443106,0.35610464829751054,0.27191783661277324,0.673122156102612,-0.7501060438729998,3,2.975827345199734,2.748665411942662,3.464022646245731
0.2918093199596885,-0.9584411620706428,0.5713441759069804,-0.34806867798087815,-0.4606829099527032,0.2143522671097522,0.026626527362016983,-0.748447108130166,-0.9148726291684623,0,2.765537375796915,2.9244647847956355,3.146484991462285
0.8154146730577483,-0.9894436423815134,0.9274206461084638,0.7579709284437413,0.4227179933311913,0.9230400609469658,-0.12053900822012609,-0.15843902583706226,0.02502936394847377,1,3.8522597792738917,3.2264251301520566,4.018023588578651
-0.3427348388976439,0.8948681808820846,0.3611294478118101,-0.6233248095406716,0.8111145297603886,0.18946042275147223,-0.4055464256436805,-0.13962772095429266,0.7503072028936333,1,2.7647347781121714,3.0056732525690477,3.01703427276289
0.7542306574611861,0.117183083133233,-0.30845502898867894,-0.4028539664744317,-0.33031380146417466,0.7829011931731436,0.002625955981334638,-0.27862210610388827,-0.6119965421760241,3,3.8893927920891906,3.1323968679298524,3.8856736781401495
-0.0006126131434502913,-0.8058526078315842,-0.4327360366381361,0.2825769966845766,-0.5956409381713106,-0.8037428193032401,-0.8685678226790763,0.47385564416657844,-0.1626668991333251,3,3.251228832084497,3.597481252831845,3.7163850535516327
0.26626521242270695,-0.9365502241991459,-0.2210758978990779,0.19011771665595845,0.9942652615859087,0.6107802474947499,-0.7821214527563005,-0.9763686886934144,-0.24394244040704183,3,3.143726767653904,2.2671053850463845,3.9156613484404517
0.4508996539889427,0.5986292772504624,-0.8299276334403283,-0.840199263633872,0.11186048343620292,-0.7545568618191272,-0.02435866014600796,-0.24725378303813672,0.590908991763476,0,3.129864214890787,3.0365831646102817,3.1628763690295774
-0.7698378081377699,-0.013753679401028451,-0.6452339715872346,0.9445570673174042,0.21107322933941952,-0.9070784045026259,0.8046919637103778,0.533351102551826,0.2984769883254397,1,2.4455059656877642,2.2262915967474175,2.9124997964164483
0.8177682862107125,-0.05464141130774025,-0.23720534780777003,-0.3679631380363084,0.5347425667999446,0.6203073859707546,0.6916441962242397,0.9082304137948909,-0.16700598231449781,0,3.4492505739435018,3.061204770731212,3.811585588974965
-0.11441447784823633,-0.7434353128124798,-0.9732361126706301,0.9813599813358849,-0.6756385517237837,0.14349874546823438,-0.7378208574323224,0.5959270670765757,0.9019746681012024,1,4.030917494578248,3.058277533959736,3.511791665919344
0.8605619738130466,0.9411619710254091,-0.3833860496134709,0.33493197162174027,0.8341305767985148,0.41740378413743384,0.9374410655585435,0.44503296004322235,0.04067005230584475,0,3.3031470523604725,3.4679575797215736,3.9284633839452776
-0.47445457399756097,0.9188461896918705,-0.3248603484443271,-0.5662547016856758,-0.773867461840045,-0.21467383607442603,-0.7825114907610435,-0.9862851325337925,0.7038831879078122,0,1.9905821530717789,2.729953225850508,2.4749758129258543
-0.4723564753201004,0.6368746368357598,-0.9872128232207427,-0.6028682206228893,0.8661483323478498,-0.6891718184302447,0.35122220937072246,0.6397106733082751,-0.9320263950563197,0,1.4955270699889065,2.3860613355041007,2.0886081719511256
0.3458155823193938,0.9166724566023208,-0.40577519536606,0.8246414745118864,-0.25977719448924086,0.2281945669850738,-0.2513130776766581,-0.4103313837953786,-0.5147134499764685,0,3.139211189241374,3.0142378944214254,3.3305613743881435
-0.6957495537735632,0.9835139330430509,-0.8933673094791315,0.36984227676400927,-0.6441730762538966,0.7819668670011879,-0.20805341423454604,-0.3394964699029841,0.7829931516890185,2,2.8080867488781225,2.903066176101027,2.7533146738173357
0.3632155563636621,-0.3572324863389966,0.862308157882685,-0.7220208559152645,-0.12808461078385025,0.5495743919529181,0.4919635855390321,-0.07282177914640675,0.48366524640066233,2,4.127057428354126,3.7002837202015235,3.8440666702129467
-0.27932379728299894,-0.12397244162219123,-0.3150754767236874,-0.7443453101975903,0.012719678035350457,-0.16481617844549623,0.7843381768091744,0.41437161728321725,0.046225083460684546,2,3.3115420266741893,3.0098436090419636,2.9276681117184973
-0.7374544388583475,-0.6125517975226751,-0.10789281445268273,0.8757165178422719,-0.047166390296348615,-0.4203452657051776,-0.2905459917547424,0.003297330651106156,-0.5074322764819252,3,2.1478705049928766,3.304095264607012,3.0393474931472677
0.7287994078023368,-0.8372589461475022,0.41763665338520006,-0.47550615348278247,0.8184946716380463,0.8490583456813507,0.9834306263665984,-0.8268317275281143,0.8103371331061651,2,4.243259148799666,3.6692387342470396,4.26796677486575
-0.6873353936919364,0.48923501560413674,-0.75367402245835,0.12829653931691487,-0.31453777275611405,0.09667318451442997,0.5519031605446763,-0.21372727504393185,-0.17463730512136455,0,1.640151621639674,3.2092803438373605,2.4268564604646334
0.07115834013463784,-0.6942975933932156,0.4361853387884784,0.21416263555957937,0.9755016729994799,0.4680856422787081,0.8768021489741702,0.43497790935044267,-0.3049181023733478,0,2.2011700652781516,3.2661357598739786,3.137037878738069
-0.21858894598899914,0.0024273059231532113,-0.35226221676769764,0.935289503306276,0.11329272548136116,-0.1765442697254953,0.33283639736567205,0.39434188471949083,0.2575335185238943,3,2.7140999940061312,3.0472592569031547,3.4885708151752675
-0.3523364398332689,-0.8016471104900478,0.95922777933299,-0.789524499174119,0.4502113798322145,0.4998491110867114,0.840250298203606,0.011660604329760016,0.11015759687257587,1,2.3185492125713054,3.716937003081838,3.4886403239330974
0.3233597105746582,-0.16452945294723342,-0.40598690623238465,-0.13517184953094308,-0.29610391385228607,0.033951547822845596,-0.4947419076133064,0.25064120567925996,0.8618079235494212,1,3.7976595894981933,3.2522944096157045,3.2861075848016745
-0.5202246615894339,0.9746166316723508,0.3267670367602986,0.2882949614663446,-0.33845420395866066,0.7884458203733591,0.2641241526122504,0.8706834592143773,0.1760175564749935,3,2.3248788310287103,2.935526688593631,2.645343210728479
-0.5642752475829862,-0.7838873546499789,-0.7736663054621091,-0.39079193682225744,-0.29642403843472387,-0.15047993205216104,0.6475397163978645,0.11568353097160045,0.2344850707837285,2,3.2210247482335266,3.3138395173657837,2.70310302063483
0.6726187892296098,-0.367865387348691,-0.9956956153206604,-0.7014868006716328,-0.08708915848426635,-0.8279951823509493,-0.9759398578081959,0.48639704454194654,0.11147293199537356,1,4.33499437684565,3.940356066623932,3.6910851054852323
0.031743516318660125,0.31256185271026116,-0.711122734782254,0.6453465487207857,-0.9555303925259708,0.8695744472648135,-0.40415525009150843,-0.7720452654193828,-0.7895067684714476,2,3.8111123536920237,2.5239954121691794,3.2751658711808287
0.39484677570349036,-0.05064974307261849,0.577470322116096,0.3977746482990583,0.5355484589711708,-0.5655810407271327,-0.32188352589571645,-0.8954565572662907,-0.8077362486204225,3,3.3249574048782238,3.0512695456404,3.5100943241505647
-0.8711669633882302,-0.7978369109435364,-0.5909768775774178,0.02240225457950018,-0.9895326731534515,0.6021216584309854,-0.04641183532127369,0.16340217032635374,0.8904361162180392,0,1.904642649917417,3.326911173662113,1.904874199962419
-0.09144616823907015,0.8584632995780452,-0.11869857217925128,-0.18774529372247595,0.966827261385117,-0.7367531594753265,0.5534321018469404,0.569535496422396,-0.8233397899989756,3,2.3358647226292084,2.3399416773554194,2.943475600469204
-0.18240137866038597,-0.2100471644292019,0.9805156421259786,0.8513150262598486,-0.48745692745820546,-0.10521494702984735,0.12818242088005394,0.736379207861638,0.8758386691752522,1,3.0683208155526605,3.0343321487781028,2.8309947586061694
-0.9507404939674136,0.4730104969312401,-0.3557169217769216,0.7375995459089644,-0.6685212029113552,0.4688781722891515,-0.9630994475004391,-0.18466647006646197,-0.2756497555853452,1,2.523717506055518,2.942872600630897,2.449798277409581
0.7189369779340693,-0.24734173085623445,0.9395516063373377,-0.14866898011530605,-0.8011782778717773,0.46047975941000496,0.5066921556981996,-0.24549923325874512,-0.06483053996170773,0,3.618545866273899,3.1269816748347785,3.4161969434265984
-0.059459881887948596,-0.18527011457383646,0.005771830272445655,-0.5982683716884298,0.1457793364481621,0.6120478550597832,0.0025560086454625708,0.2966142968356009,-0.6931352415281469,2,3.5370681043664876,3.0924553119089833,3.238780691819547
-0.07520298262211189,-0.9268054653102709,0.5967382953919398,0.4889111123301728,-0.12339167756555258,-0.3146721733709612,-0.3567623347290392,0.7379264237892005,-0.017217334160874342,3,2.3746308729187384,2.8778698259240034,3.283338809693566
0.16366001109437933,0.23657743024970035,-0.04790704517077948,0.3985961507120226,-0.5079124139220506,0.8639620407294584,0.6528682581541223,0.6455160143657921,0.8678020900628907,2,3.9985027075790143,3.918578677955683,3.0770043427762106
0.8792643144477941,0.6783729491479551,0.006966200176645065,0.20479122581628784,0.4718718711182406,0.6801983552925623,-0.6511461634148681,0.2335397753319488,-0.9146046503500833,2,4.444100754925452,2.601435763474938,4.229838216613814
-0.4674218903557612,0.025410282945605545,-0.42512006871196917,-0.9536913580573936,-0.5115589727498884,0.11487677422300147,0.9597182829333177,-0.10732340517760242,0.5398096694449284,0,2.2766013163737573,3.2284145561514532,2.392490333917356
-0.4376384061265923,-0.8201167173242134,-0.28954114643944306,0.2718983071062262,-0.7982475105780624,0.9219870957325642,0.5862018576778429,0.26489918884906904,0.19205728468607441,3,2.4993274010170463,3.7352940080330286,2.723053806266357
0.18327082356154167,0.5624106555026809,-0.6757070732982964,-0.3725541198243041,0.7754012244737101,-0.9305349242198311,0.8947982494874722,-0.13533422769924752,0.3159549393079186,3,2.6622689363304115,2.4440067528189893,3.229470505882759
0.9854434824001983,0.8007213443690488,0.3122655939397234,-0.05422567485928864,0.13841070301530034,-0.9833282902022247,-0.39476383447816277,-0.31703179771332746,-0.20029741639979437,1,4.070427117912305,3.6758819028265064,3.8510540241867033
0.6668539346703013,0.04509192954372687,0.21711696760059618,-0.45327716429311726,0.5714718313121505,-0.6190913525044408,-0.44304219856264804,-0.6202867998191701,-0.5505896402028128,3,3.638295258249595,3.349141962526005,3.812692420078589
0.19281222510534302,-0.6761186444470564,0.13400690438361607,-0.9266868538373532,-0.12046124021657967,0.214140522943705,0.379221295837183,-0.8478450608987536,-0.963180920922891,1,3.7332102125869264,3.0219551604188455,3.3424169341565038
0.44944627520021196,-0.8077138658821013,0.19897557439215974,0.7050523210139867,-0.884137188746347,0.9124325711488013,-0.7448332478995845,0.6954768453168876,-0.9112072071174255,1,4.1385879024379255,1.7131779905806213,3.1764056738315705
-0.631203508023773,-0.3582026057695966,-0.717943786079583,-0.178741840053241,0.4357440632109071,-0.652236429864403,-0.03576597729004205,-0.8004247283893882,0.046292140385838954,3,1.9396540991199827,2.6646762055829916,2.6578131832331353
-0.16578504584037002,-0.5548575834114109,-0.28411397503818403,-0.02294819237890766,-0.6495712623588379,0.8802038883579939,0.08504056685341421,0.7325051701611907,-0.5683997197468331,2,3.5574853660145758,2.701650024087281,2.705200405242578
-0.4844403034242346,0.10454944605762395,-0.25249053003203503,-0.6155260614037694,0.27952824771939344,0.9364822501056231,0.38934573532174555,-0.8399684178356286,0.565287473966275,2,2.864973397491265,2.9072266999159364,2.9142713762335495
0.3680534254182535,-0.7688044903628934,-0.0823260413441449,0.5573319041009033,0.6195910911066165,-0.7113482014974413,-0.09406520007714514,-0.8397119591048274,-0.0418903908613788,3,3.379749973176244,2.816470554156405,3.487787375336456
-0.18614005980641157,-0.4310409002386999,0.960650362344216,-0.037688072679661566,0.22500851556198853,0.2900036761591285,0.9616470736390628,0.14726696513952175,-0.5385262450454744,0,1.8908897750806244,3.2679589681162606,2.8966013039106495
0.9892655699420803,-0.10909751312492522,0.492066754728572,-0.9900184763966626,-0.08016075211433082,0.8526431965190475,0.826628497195486,0.5196525764877085,0.3225512374205868,3,4.160776303094127,3.650191027962559,4.510676014141686
0.07875724508178505,0.6700942699304115,0.25638782051670206,0.4755268938002122,-0.6289079358498413,0.18893415391081514,0.2761195818971198,-0.533804727177785,0.1934450108547776,0,3.054384543998624,2.920129994049012,2.783508968332786
0.41433850535862193,-0.8418021941332539,0.3219239509863572,0.02974179862861237,0.996732867094192,0.1466061723537091,-0.680469569782902,-0.9736922612234187,0.9298620954283343,3,3.0196142625946822,2.4473050855499188,3.851576797729319
0.47255920973728216,0.8699407444382763,0.6671367974402722,0.5510565166318067,0.8188322888147368,-0.9787548436637956,0.9315057124990698,-0.5163590499037247,0.6122731158858332,1,4.005974914515643,1.9272081428880845,3.1569361683671078
0.2188415475372647,-0.9676541207111484,0.6343940708289115,-0.9201331388442799,0.5006132632550713,0.484571222728823,-0.7255552094463993,-0.5636409065806081,-0.32873657510741827,0,2.6023849796421015,2.7337443749649912,3.5828467556482515
0.012900471073790332,0.9401861452998064,0.7377009344111571,-0.36149757201098387,-0.1057704977648879,-0.62571503524059,-0.3181579796498255,0.33728056513853755,-0.6869386432282301,2,4.167518344944239,3.314247683721241,3.4574671279779317
0.35839397435095255,0.9298302008701633,-0.8725070003088933,-0.5147230351452452,-0.20640522607083134,0.2706453014687702,0.9215901631363987,0.8132441887683599,-0.38489669372334023,0,2.6545837790093567,2.8219927502096103,3.115691363446709
-0.34191003115261265,-0.767329606207092,0.8549068103212418,0.069682664344217,0.8748116586967389,0.8200430758157244,-0.5389758410079852,0.7871187438774245,-0.23090998911656935,3,1.689064285327565,2.207980479075348,3.4680294584991014
-0.8586377702683459,-0.5751377816976646,0.47895392735417963,-0.9622583404854039,-0.41471039895390605,-0.23310191254992318,0.7182172971405809,-0.8721138789787528,0.660344305689553,0,1.9837198713617916,2.5348757592833824,2.8151677696244946
-0.7090501394531128,-0.8047058663131808,-0.7904095354052527,-0.3517669826264742,-0.37572341480959826,-0.11763707875930507,-0.6142877117919712,-0.38707078321619925,0.6018837880939301,3,2.295666633257976,3.0735929490166005,2.7897347292428902
0.06348936288060059,0.9367519343888142,0.5087752543390416,0.33288483976636507,-0.6721565267182525,0.4880402934603172,0.038627697467168653,0.2327971278426808,-0.008740485832408273,1,3.8267511521216173,3.2402773850349313,2.8134616736713167
-0.5622802818006205,0.05428161496221762,-0.9066574855247356,-0.5626351414965705,0.340790610417522,0.9858322846502978,0.14495937370197676,0.33121331206686166,-0.21369979826627583,0,1.7367035883321,3.080266505507917,2.5237366705439737
0.8145049803594588,0.09236577746428365,0.08983118030165649,-0.6971891447364158,-0.5515836646165915,-0.8598036634018256,-0.5208530760196795,-0.6947977386963684,-0.7267594911256345,0,3.8419544472087717,3.178897060138896,3.946825342948991
-0.9568156569413386,0.8545769955001765,-0.46759462453508793,0.31431136898185774,0.17397621767288518,0.14043505461032546,0.7804158431205968,-0.9118005807717309,-0.04892386681696137,2,2.610746465637537,2.6665222210792563,2.651794526099156
-0.952193513658969,0.33477967367906425,-0.7807012639989519,-0.3556236783690263,0.6036549667850242,0.4097077765963364,-0.23855430053182203,0.024025912363023982,0.46901092155934254,0,1.476199099433139,2.911721414041169,2.2413443066806913
-0.556271840705576,0.6947803276942284,0.5708072085205609,-0.509952198811435,0.9348758934885482,-0.26829133015083717,-0.13613027865573857,-0.36146516750553204,0.2929081876790909,1,2.419452952187385,2.9895913171469743,2.6407640139187025
-0.6318672465759507,0.46183581046386646,0.20848518642934422,0.4746338187473409,-0.47234207395244265,0.3082804141535871,0.2541919166160065,0.7245094826777678,0.8496711696729506,2,2.90700725145304,3.264526690121245,2.4756172268989625
-0.40518187026974917,-0.1689549450085701,0.5487824005291266,0.828831081559301,-0.10851249839433907,0.9054541939391743,-0.01574138293449212,-0.7478904945225124,-0.13683370043746668,2,3.126482612271783,2.7963291006966453,2.7103891367605875
-0.39277903631583233,-0.9090048315529626,-0.029165961345019253,-0.6344915316122042,0.6968713376144497,-0.940995179327816,0.0023981807852482273,-0.7580012092604309,0.7898890742779683,2,2.9142767976698796,2.4003196305597276,2.58532094072983
-0.8013729085320223,-0.8825736534635249,-0.10178017755965119,-0.4764199143427448,0.010867318614942612,-0.49556460034923155,0.14539138361076165,0.9184523655534966,0.824024828611541,0,1.6657592266823988,2.758837600609829,2.1239156301647113
-0.9905548700224145,0.7436014399783009,-0.18798319374551853,-0.15979217021003733,-0.7621071468411975,-0.5911430027947235,0.41486754378806867,-0.03323301666648737,-0.7712488958473942,1,2.374663753709762,3.176854911158053,2.3762074841354934
0.06514539744478198,-0.4375891524229685,-0.9416755593368562,-0.3225154999912814,-0.8411300292742578,0.2625499969552829,-0.6743858547877619,-0.9488883907204482,-0.458749176653132,1,3.822990234456862,2.4731470257260186,2.952103631791094
0.05037179677984738,-0.7754294221297142,0.18825483006972643,-0.35939835076859916,-0.018951903466913445,-0.26251227360431395,0.5706070013494202,-0.22385053979113056,-0.7092827386815796,0,2.568800911848353,3.024162821312548,2.9021343511832227
-0.13705549396999084,-0.5865524391493373,-0.07247803631740712,-0.8335639809934017,-0.6126691917578788,0.4591686523078051,0.3742119290297472,-0.5323957148777734,0.09562108104051537,2,3.748683343167982,3.256784114225633,2.95956438503028
0.4715234150114791,-0.2991844635836334,0.5197618345354031,0.3377763822696993,0.4581814707182643,0.4286111007465925,0.5313675169234597,-0.09600228135157085,0.07131342098186266,3,3.3519896464526866,3.4509921408940523,3.932970914013433
-0.9491149503626388,-0.9580145414128134,-0.6403806830752272,0.15042761909200997,0.5603782605155025,-0.7890718481502865,-0.5824027750801921,0.04321365955563827,0.9634518520661564,0,1.5165518051993214,3.3105941017615392,2.0133054263994747
-0.4971624354506683,0.7734067653349956,0.14813468207145664,-0.48588833626393857,-0.3220583145995275,-0.8248446031320165,-0.3548621179549767,-0.5451440934812743,-0.32403428408113566,0,2.028934062345925,3.2405176787351335,2.637722212219096
0.3277139394019777,0.30350405674662095,0.5079835666287698,0.06346995347885587,-0.012461812677537765,-0.5542037789452765,0.0379486123198185,0.3552837190060518,-0.4968650398838339,3,3.433671192643153,2.9710305909344377,3.6854114221814367
-0.41770626819980206,-0.08543016561764505,-0.02268831267003235,-0.2048667632429877,0.27362609888046574,0.6398219692370792,0.3541693850563974,0.7653541680790312,0.7028879756768056,0,1.8455496180033955,3.0439356061134193,2.5237119195417064
-0.997865384070665,0.5809754876030258,0.20564492404413848,0.2654222126607806,-0.004490206700878296,-0.7883553205541205,0.09657976913630062,0.9804742127464772,-0.09455192142165769,2,2.576229503744395,2.3340865043849073,2.2868620142048783
0.42434380631668134,0.5616047322042843,-0.020382868939752052,0.7141314940692565,-0.6764417916719421,0.7788163106783572,0.8174626847596853,0.1239127960560007,0.05668716968662979,1,4.151125631965443,3.9095346681122476,3.1793658733196635
0.24003806832946073,0.22866512120660776,-0.14165923844600026,0.7260981580026549,0.7752652299473841,0.7874023214035755,-0.39393876456098886,-0.5199131321720933,0.8712076890449811,0,2.9136270638443786,2.581620107565239,3.457377507128238
-0.3498524390779827,0.14818896485769262,-0.22174500659118812,0.6567871396505012,-0.773514460648661,-0.8264284082457312,0.20735933967308795,0.6163719639201639,0.5486315977497378,1,2.9124788214797044,2.935324877262703,3.149811448748666
-0.12130525268872416,0.25599586399368746,0.796453247757476,-0.9600120259178393,-0.012893322530971751,0.46588634346645996,0.5220351696277592,-0.46448008724834056,-0.8540866878935733,2,3.832696822328713,3.6590921284566384,3.639257661565726
0.8205422415089407,0.7242234279297128,0.1947571446460481,0.8383978693516785,-0.8081779497474766,-0.46541726209890366,-0.12775044941832991,-0.5623324379543058,0.08974193859352808,3,4.2460771990431825,2.7995793984731177,4.429494951667783
0.944394605373809,0.9720563361886303,-0.43769831767690137,0.8321998507133872,0.6563076058467681,-0.3606191742270006,-0.9020422526752834,0.34096799776827935,-0.6154127983385969,3,3.831954588957606,3.424396065096188,4.2864204846324085
-0.47652577233917826,0.6147817154116528,0.43606230282871405,-0.9615081028123929,-0.632721466987382,-0.4318066067507049,0.1909276541516065,0.5305240271648772,-0.5959026568750148,2,3.470726459070935,2.792074829045862,3.417346668777185
-0.8547269419678725,0.07634916827292848,-0.880657965706086,-0.5660316369485856,-0.7801873380274016,0.3093379609948119,0.5621570816725325,0.5623196763275975,-0.061564763099309916,1,2.459229385646318,3.3027447763570854,2.08055430063592
-0.5714499054292221,-0.5033533935527679,-0.9292938829305062,0.38456178986855205,-0.5595399164041894,-0.8691749259453783,-0.5639202432299493,-0.8048723985893216,-0.23572614549105309,2,3.1792715115598646,3.5061227027610142,3.409262828047266
0.26718455797267504,-0.05218971928754468,-0.7731844160140686,0.08467268801021466,-0.40335563323342205,-0.45074458532235084,0.2806025318670231,-0.576168693792859,0.7218646156545778,0,3.1208791522004584,2.6344814414518503,3.310687624248458
-0.45380171707869366,-0.7819923086835714,-0.3110648213755025,-0.7989434701532667,-0.9391429976702461,0.6572574697858302,-0.2824675563428547,-0.05116429891492724,0.24261226015070636,3,2.712797489679676,3.1310397353012487,2.6741447114795585
-0.13652294948296828,0.05307436685392819,0.5929866910677799,-0.5121503632376281,-0.8597572109202565,0.055323274945834555,0.6338244637639532,-0.718163208173604,-0.55994232718884,0,2.6513057307735597,2.9639861714000437,2.8981519570670407
-0.6746079934267208,-0.3395946248443722,-0.6204438369670864,-0.05876985342333674,-0.9150302172829847,0.31371352241744765,0.002940823081493349,0.15016562758158258,-0.45909557311963733,2,2.950431662822348,3.4549530832048,2.4551834672693222
-0.655213004950111,0.7363736438961372,0.5872893517929141,-0.7834098016676587,-0.3073310782685532,-0.7559871381258374,0.7832875169526659,-0.21097340444522916,0.8049148549422567,2,3.1470192687399594,2.4057409469487454,3.290021913086107
-0.7989749057185307,-0.7088800579260837,0.520550372500217,-0.7810254010489937,-0.15908909582325448,0.03310916344379855,-0.6871374762218674,0.09606903318996385,-0.6649751177556986,3,2.0566875013820867,3.1431808101650844,3.2014009087930275
-0.32838863630190773,-0.6005899747988415,-0.7210498970699211,-0.8865946914514025,-0.49743339205018744,-0.48501717178686654,-0.4205925931678516,-0.18347504523365732,-0.2754423044243952,0,2.739239839215504,3.3217899635834045,2.647737838602287
0.5575129569724688,0.19070692156459845,0.9712464436393284,-0.2849067896192219,0.17816204489784138,0.6740645037433941,-0.7048185003943825,-0.10637012363597664,0.8540102592679606,0,3.423232986671543,2.716278963658061,3.654290348336265
0.6359891514053178,0.3864538418347432,-0.968230097235973,0.9574323853223197,-0.08495911920342003,-0.2587703899521585,0.05960295484217326,-0.5672386412080679,0.9525008958588983,0,3.59666335974829,2.6918736181245966,3.920662238612465
-0.07089550878627038,-0.4573329045838772,-0.7685020776967098,0.8093405154931794,0.79233630655547,-0.03080359283629308,-0.38329757486853544,0.7926661682808329,0.09385301703444249,0,2.741133726418432,2.7554957722740547,3.1984126236433275
0.42202002835129604,-0.13238052878536077,0.7713659044012233,-0.130590871514207,0.5194520976338655,0.43347934710191915,-0.32913724975164516,-0.4107379338163062,-0.9095390464739097,2,4.019881375593068,3.2312001016648595,3.8517712856407513
-0.4010261260674135,-0.21491450683584112,0.8148610787006716,0.5717564799166377,0.9390057070616069,0.766745689326449,0.5284202469229475,-0.8738865233723401,-0.32068430329057573,3,1.947262350302046,3.006244746166097,3.25280815643314
0.0742313603205953,0.016437956460696235,0.4400941789789419,-0.40169477941827925,-0.13944933801112747,-0.13021951960669997,0.638577508208253,0.8493542194484496,0.8491515680796364,1,3.372935763332205,2.8099557176976306,3.1966388899616374
-0.09859777921121338,-0.531609957207406,0.38352913902297425,-0.7019456004739224,-0.3669692031572376,0.859519122462133,-0.5938759550400183,-0.039738758710587296,0.2254611563254585,3,2.7394666781285704,2.744640838308544,3.2812651594773437
0.9595984301822493,-0.17385770844257808,0.5830145134307483,0.2998879159776362,0.47183972358790616,0.9573195831790307,-0.23279894578906513,-0.834037292866411,-0.5369020517312117,1,4.063305016872404,2.6967662147032057,4.1900346876427434
-0.18733012643747426,0.6106329803749526,-0.12714884390668124,0.23550327781880398,-0.13988733911744222,0.01882281880116987,0.5327733949530475,0.9025325435271907,0.2827893545516402,3,2.4829297808565345,2.7173014932617248,3.176806896207935
-0.670500596955389,-0.22733732500399828,0.6175124601317852,-0.246046125542827,-0.6209426300484933,0.8520861650136602,0.5104908999256939,-0.3612790291486916,0.3581112765374268,0,1.776761351501497,3.4099165380000063,2.157753635950101
0.4373996754359635,-0.6419023051792212,-0.9228425534648057,0.12963441471452253,-0.4011668842820735,-0.7884715810375684,-0.5998700566601349,-0.8179841917532715,-0.26033293993578366,2,4.594403631027637,3.350609035251786,3.9646585540962596
0.494605385822257,-0.06957113982532603,0.13878055279760426,0.2212694814362286,0.4707475997220443,0.5200534548644993,-0.6685366445361127,-0.7181785294479945,-0.053736308810854005,1,3.789472503655052,2.4871727408942,3.6222312704325423
-0.6668792018884779,0.13791101796091132,-0.20949309350392853,0.8986956327353899,-0.03665433436985843,-0.03334090862289596,-0.9240761941923836,0.014977420713331524,-0.9446338252654716,0,1.926318772516838,3.107820252955904,2.595326412629963
0.025039724770973937,0.5017765263077163,0.05856827186711411,0.07211905901690163,-0.46465927541044505,0.06346177558235477,-0.05468519979770248,-0.56016155167115,0.8456148413487348,3,2.984015227945323,2.7258769797343323,3.3265475482268267
-0.9901431826719564,-0.9747698817942423,0.21205501751786526,0.7563702045063974,0.16427757947415444,0.8614796604127968,0.6680676339366962,0.7429251153190679,0.039777761985566595,1,2.347506076355929,3.3727326813241594,2.4021179956472327
0.1914982170338737,-0.5279069434680095,-0.5172652123727692,0.695312223472069,-0.9561754636461473,0.3861606095914225,-0.9881993126640995,0.977647233016526,-0.693397320898721,1,4.075818351888382,1.9189867476888927,3.180364120725757
0.08222279984854808,-0.6546693613768044,0.7395252338747549,0.31234837676655536,-0.14624947914783548,0.7906615461570412,0.7443380300849443,0.7099315873025849,0.9935886219366241,2,3.375692262913775,3.9370679380678535,3.1778335995724234
0.6485298288359103,0.9368903048329802,0.03294429906081997,-0.05920744115310095,0.8011602600798651,0.8606638206489332,0.46013374706872967,0.2501852060201213,-0.34337702206819576,2,4.254147803047297,3.9063493686175472,4.078410827862577
0.608608331046705,-0.9204658560406653,-0.27232257342079347,-0.9910765055389426,0.2520858789001512,-0.16621112103086189,0.8075535910637903,0.7343175526388919,-0.5065130357716179,1,4.374962537037104,2.5216205981532407,3.607889999352976
0.45016082579385297,-0.07605864509894245,0.9058895814156687,-0.28559985850165037,0.8838296565820429,-0.4249797070748309,0.21832163498113322,0.6334788055398479,-0.9496608415234333,2,4.009540787192985,2.541755684849025,3.567586551230131
-0.6219353917937944,-0.4069610323454571,-0.4230440541350231,0.5989298308274729,0.2400257579705063,-0.7168993297030488,-0.30357693634525207,-0.6869751249848459,0.5042427980032615,2,2.820209380808354,2.910256156621516,2.8009569814453816
0.6374919647227542,0.5058165467143214,0.21452102968188647,0.4417166606847456,-0.9866963990022593,0.09865888516017529,-0.9960256244408274,-0.19238599664281808,0.7382129277546492,3,4.035926165002432,2.816643421507793,3.885266856753046
-0.6167576841031943,-0.956561428782231,0.45767256751412577,0.5174653570879018,-0.6974618760491964,0.11898608420790513,-0.624898124809137,0.5315493789240531,0.7755198343246643,2,2.832853468226056,3.2701975261756187,2.5034429264341354
0.10348146592456176,-0.577240303487486,-0.45527390369323206,0.6837847884667729,-0.2683417465505211,-0.8078372712435336,0.9860567193084,0.8074276177445305,-0.4631345255269381,2,4.157366395646381,1.4353090132089374,3.6525357755236465
-0.20520203484808097,-0.5786136400066673,0.1339292650799977,-0.906185249088618,-0.845585083793416,-0.09695503625670443,-0.20958092503816061,-0.6516175909085937,0.23230372130680954,3,2.8994285420787893,2.860798313765733,3.453118187868776
-0.2238902934057554,0.3085188000449057,0.8341745050470173,-0.4137174411268032,-0.2265887114960563,-0.7832917481457853,-0.21965302162583833,-0.41544118991480317,0.3518804628715768,1,3.092714929765732,3.2153285983035382,3.2482505239738955
-0.8056925645537791,0.6123400576729192,-0.11054918361080057,-0.840563262318675,0.5534382548069556,-0.08221949350410673,-0.5139558773025401,-0.5246883540482472,-0.8983277682075237,0,1.6697115328673868,2.9958167794860655,2.26712637307284
-0.4934654611990341,0.41710889552841746,0.4386842993569233,-0.5350307354239188,0.7941316685908115,0.8507474319826942,-0.6458728861157608,0.1943452243447581,0.5557730024050944,2,2.813187891745092,2.565052599953955,3.274028243983323
-0.11627934133033113,0.5910559229545342,-0.835388954718161,-0.7976840104594454,-0.6868226141353342,0.649104787331501,0.9626074462521337,0.6738269795251417,-0.7442541181278388,0,2.3858211896122725,3.1702745867142648,2.4027684986765334
0.062392803250533424,0.805781505491858,-0.26751620154570577,-0.0573278526097889,0.287929438755151,0.9127999283251698,0.6824137620164186,-0.7205805276586379,0.5182073911879308,3,2.662836726177378,3.2356321017459813,3.577905498012057
-0.5675752878505902,-0.06257806094502327,-0.01252639823933599,0.40768489593284785,0.1796896965203998,-0.06119023623079212,0.6062826686906779,-0.1332597653250578,-0.4097015950148448,2,2.7416278885891687,3.3312391573200357,2.6703199650140044
